source,target,length
41583578,2974049890,41
42698945,2974049890,40
41493635,2974049890,40
42018200,2974049890,40
41707103,2974049890,40
41702801,2974049890,40
42018069,2974049890,39
41702786,2974049890,39
42018073,2974049890,39
41702799,2974049890,39
41707108,2974049890,39
41493632,2974049890,39
41498726,2974049890,38
316912049,2974049890,38
41906681,2974049890,38
41906693,2974049890,38
42018062,2974049890,38
41498680,2974049890,37
41575363,2974049890,37
2291377430,2974049890,37
8912567835,2974049890,37
41906674,2974049890,37
8912567831,2974049890,36
41707095,2974049890,36
8912567816,2974049890,36
41498682,2974049890,36
41583581,2974049890,36
8912567821,2974049890,35
41498685,2974049890,35
41707097,2974049890,35
5757821172,2974049890,35
41583582,2974049890,35
5757821173,2974049890,34
41583584,2974049890,34
41702819,2974049890,34
8912567791,2974049890,34
8912567781,2974049890,33
41498688,2974049890,33
8912567787,2974049890,33
41498691,2974049890,32
6065736551,2974049890,32
8912567788,2974049890,32
41498694,2974049890,32
41846691,2974049890,31
41567912,2974049890,31
8912567724,2974049890,31
41702782,2974049890,30
8912567725,2974049890,30
310433011,41573941,29
41575371,2974049890,29
335748066,2974049890,28
310433396,41573941,28
41612120,41573941,27
42236500,8703186571,27
41765845,41573941,27
41841117,5078563599,27
41619146,5078563599,27
41619142,5078563599,27
42558020,5078563599,27
8912567798,2974049890,27
8912567793,2974049890,27
41190577,8703186571,27
41730210,41573985,27
41350988,41573941,27
41730206,41573985,27
42333303,8703186571,26
3981103763,5078563599,26
310433718,41573941,26
41816659,5078563599,26
42445801,41573941,26
5967907372,41573941,26
42489205,41573941,26
1019377799,2974049890,26
41724420,5078563599,26
7276025848,41573941,26
41564008,41573941,26
7276025849,41573941,26
41564013,41573941,26
41190578,8703186571,26
41706824,8703186571,26
41847679,5078563599,26
41579987,41573941,26
41216716,41573941,26
41724417,5078563599,26
41619140,5078563599,26
41978165,5078563599,26
41730207,41573985,26
8912567806,2974049890,26
378486276,5078563599,26
41619144,5078563599,26
41755634,41573941,25
41564007,41573941,25
310437896,41573941,25
42516850,5078563599,25
41619138,5078563599,25
41216719,41573941,25
4049340932,41573941,25
41190580,8703186571,25
41632184,5078563599,25
41632192,5078563599,25
3981103764,5078563599,25
7276025850,41573941,25
42019786,8703186571,25
41190794,41573985,25
41579985,41573941,25
1019377800,2974049890,25
41574736,41573941,25
41978132,5078563599,25
42537620,5078563599,25
41846989,41573941,25
41528357,41573941,25
42488234,5078563599,25
42491461,5078563599,25
42507744,41573941,25
41724415,5078563599,25
42236487,8703186571,25
41724412,5078563599,25
42405002,5078563599,25
41606500,5078563599,25
41724413,5078563599,24
42516847,5078563599,24
41498710,41573941,24
41755656,41573941,24
41553026,41573941,24
41841130,5078563599,24
41719545,5078563599,24
3981109068,5078563599,24
41816631,5078563599,24
41978123,5078563599,24
6174369187,41573941,24
41556271,41573941,24
42006078,8703186571,24
41606501,5078563599,24
41816621,5078563599,24
2290382290,41573941,24
41190797,41573985,24
41755646,41573941,24
41606489,41573985,24
42438917,8703186571,24
42488207,5078563599,24
41719548,5078563599,24
3981109129,41573985,24
41632190,5078563599,24
4049340931,41573941,24
41695377,5078563599,24
41574734,41573941,24
4347918224,2974049890,24
41724410,5078563599,24
41590428,2714317928,24
41724494,5078563599,24
41579984,41573941,24
256192166,41573941,24
42488228,5078563599,23
41719324,5078563599,23
2454749989,2974049890,23
7048117464,41573941,23
42417694,330683940,23
2290382317,41573941,23
41907762,2974049890,23
41812252,330683940,23
3983475457,41573941,23
41719544,5078563599,23
41668158,5078563599,23
42305899,41573941,23
42558063,5078563599,23
41579982,41573941,23
42265954,41573941,23
42408005,41573985,23
42019883,330683940,23
41794886,5078563599,23
41633389,2974049890,23
42398934,41573941,23
41483964,41573941,23
41632188,5078563599,23
320061891,41501559,23
41592048,41573985,23
41812251,330683940,23
41611270,330683940,23
41498703,41573941,23
41498704,41573941,23
41498707,41573941,23
41498712,41573941,23
41812330,5078563599,23
41812248,330683940,23
41590430,2714317928,23
41498717,41573941,23
41724492,5078563599,23
41724407,5078563599,23
42438884,8703186571,23
41695375,5078563599,23
41695380,5078563599,23
41606488,41573985,23
316067093,8703186571,23
41502164,41501559,23
41978118,5078563599,23
41683519,41573985,23
41190801,41573985,23
41590426,2714317928,23
8912500766,41573941,23
8912500770,41573941,23
41816646,5078563599,23
3981109069,5078563599,23
42419945,5078563599,22
256520744,41501559,22
41493587,41573941,22
42491447,41573985,22
42333312,8703186571,22
42407837,41501559,22
41794888,5078563599,22
42404030,2974049890,22
41693619,41573941,22
41611258,330683940,22
2454749990,2974049890,22
41884217,2714317928,22
41965211,330683940,22
41621094,330683940,22
41759052,41573941,22
41871398,2714317928,22
2454749988,2974049890,22
41691013,41573941,22
2503126535,41573941,22
42240014,41573941,22
41719321,5078563599,22
41611260,330683940,22
41553022,41573941,22
42325452,2714317928,22
317699762,2714317928,22
41702806,41573941,22
41590420,41573941,22
42398940,41573941,22
1019377586,2974049890,22
41832843,8703186571,22
41590425,330683940,22
41632187,5078563599,22
41502176,41501559,22
41724404,5078563599,22
41647243,41501559,22
41502170,41501559,22
41606480,41573985,22
41606482,41573985,22
7162195820,2714317928,22
42001999,2974049890,22
41613381,2714317928,22
41965260,41573941,22
41812327,5078563599,22
41498715,41573941,22
41695371,5078563599,22
41606486,41573985,22
316066932,8703186571,22
42323089,8703186569,22
5758297669,41573941,22
41812245,330683940,22
41770571,8703186571,22
41907713,2974049890,22
41714748,2714317928,22
1497920978,5078563599,22
2290382379,41573941,22
41668157,5078563599,22
42305887,2714317928,22
6174369186,41573941,22
42011697,8703186571,22
41590416,41573941,22
42305950,41573941,22
41579980,41573941,22
41670767,2714317928,22
41907716,2974049890,22
41882808,2714317928,22
41719542,5078563599,22
42038810,8703186571,22
41811182,41501559,22
41587996,5078563599,21
41845663,41501559,21
41965215,41573941,21
41871395,2714317928,21
7656686887,2974049890,21
7162195817,2714317928,21
42002078,41501559,21
42263884,41501559,21
42001986,2974049890,21
41882753,8703186571,21
41719319,5078563599,21
41702808,41573941,21
386247475,41573985,21
41691991,330683940,21
41621102,330683940,21
41502179,41501559,21
41502180,41501559,21
256519018,2974049890,21
41965207,330683940,21
8905862531,41573941,21
5758297670,41573941,21
4346605152,2714317928,21
41609589,41501559,21
5229630965,41573941,21
41882810,330683940,21
42519132,41573941,21
41907729,2974049890,21
7162195821,2714317928,21
41613373,41573941,21
42404009,2974049890,21
41846695,41573941,21
41884205,41573941,21
41908248,2714317928,21
41908243,2714317928,21
41884215,330683940,21
41629675,41573995,21
1019377584,2974049890,21
41633674,2974049890,21
41832870,2714317928,21
41679541,41573941,21
2290382375,41573941,21
41794882,5078563599,21
41613379,2714317928,21
41613388,41573941,21
42406235,41501559,21
41590418,41573941,21
41606495,5078563599,21
42305883,2714317928,21
1584142751,2714317928,21
42236511,8703186571,21
42323086,8703186569,21
41770568,8703186571,21
41548002,41573941,21
41812324,5078563599,21
41590439,330683940,21
41606484,41573985,21
41647244,41501559,21
42011761,330683940,21
1584142836,2714317928,21
401886407,330683940,21
41633671,2974049890,21
317699754,2714317928,21
41598430,2714317928,21
42305961,41573941,21
5893705124,41573941,21
41633665,2974049890,21
42408862,2714317928,21
256520739,41501559,21
2161955381,2974049890,21
41677336,41573941,21
256520718,41501559,21
2454749991,2974049890,21
41830134,8703186569,21
5641650206,2714317928,21
42397753,330683940,21
42397747,2714317928,21
42397742,2714317928,21
41611264,330683940,21
41851717,41501559,21
939766460,2974049890,21
2303360705,8703186571,21
41606494,5078563599,21
41737160,2714317928,21
41907709,2974049890,21
41670766,330683940,21
41884220,2714317928,21
2290382321,41573941,21
42011694,8703186571,21
41579974,41573941,21
320053583,8703186569,21
4029297598,41573941,21
41670769,2714317928,21
4176960371,41573941,20
939776853,2974049890,20
41606492,5078563599,20
41969515,41573985,20
41884203,41573941,20
41884731,41573941,20
41737200,2714317928,20
41510578,41501559,20
42408860,2714317928,20
41502100,41501559,20
41884881,41573841,20
41884212,330683940,20
41965222,41573941,20
41737199,2714317928,20
1584142810,2714317928,20
360031376,41501559,20
42002070,41501559,20
41590442,330683940,20
41493573,2714317928,20
41903165,41573941,20
7265477677,41501559,20
41830132,8703186569,20
390530691,41573995,20
5065155122,2974049890,20
42213888,41573941,20
41715513,8703186571,20
41670759,330683940,20
41670762,2714317928,20
42001826,330683940,20
41670771,2714317928,20
41633663,2974049890,20
41633668,2974049890,20
41719540,5078563599,20
1584142616,2714317928,20
42001990,2974049890,20
41633686,2974049890,20
41509007,330683940,20
41771147,41573941,20
41509001,41501559,20
41508985,330683940,20
42703160,7241586275,20
41525161,41573941,20
41633751,2714317928,20
41633753,2714317928,20
41633755,330683940,20
7239027058,2974049890,20
2626674349,2714317928,20
41705548,41573995,20
41851715,41501559,20
4029297605,41573941,20
41812240,330683940,20
42019898,330683940,20
41882803,2714317928,20
41757589,2974049890,20
41679539,41573941,20
42238349,2974049890,20
41679547,41573941,20
42012506,41573985,20
41613371,41573941,20
41882812,330683940,20
42019701,41501559,20
42019697,2974049890,20
41613369,41573941,20
41691993,41573941,20
41832826,8703186571,20
42271499,8703186569,20
41613378,2714317928,20
42019920,330683940,20
41908258,2714317928,20
41679537,41573941,20
4347899757,2974049890,20
7162195818,2714317928,20
4347899747,2974049890,20
41548004,41573941,20
41750558,41573941,20
7162195807,2714317928,20
41611256,330683940,20
42423250,2714317928,20
41882796,2714317928,20
41875726,41573941,20
4346605150,2714317928,20
8905862530,41573941,20
41812321,5078563599,20
41832460,2714317928,20
3844371736,41501559,20
41677337,41573941,20
42482776,8703186569,20
42517069,41501559,20
41440725,41573941,20
5683836414,41573985,20
42480270,2714317928,20
41908245,2714317928,20
5683836390,41573985,20
41579972,41573941,20
41609480,41501559,20
2290382267,41573941,20
42480278,2714317928,20
41782703,2714317928,20
7265484502,41501559,20
41782656,2714317928,20
390523038,41573995,20
256520991,41501559,20
42439161,330683940,20
41969757,41573985,20
42022287,8703186569,20
255737867,41501559,20
5367365129,41573941,20
7162195824,2714317928,20
9095414328,330683940,20
42478054,2714317928,20
41913784,2974049890,20
41811195,41501559,20
41702811,41573941,20
41714407,41573995,20
401886408,330683940,20
41598428,2714317928,20
1945648636,2714317928,20
41553020,41573941,19
41525159,41573941,19
42022281,8703186569,19
42011732,41573941,19
41633758,330683940,19
255738306,8703186571,19
4347871641,41573941,19
3884382385,41573941,19
41613367,41573941,19
317699748,2714317928,19
2263218345,41501559,19
5199796528,330683940,19
42459460,41573985,19
42439146,2714317928,19
41633749,2714317928,19
42408292,41573941,19
1584142644,2714317928,19
41705546,41573995,19
41508999,41501559,19
41508989,330683940,19
41509009,330683940,19
41433539,41573985,19
42408294,41573941,19
42404994,41573941,19
41925846,41501559,19
41884803,41573841,19
41913790,2974049890,19
41884734,41573941,19
41794876,5078563599,19
41598426,2714317928,19
41884224,2714317928,19
41884259,8703186571,19
41884663,41573841,19
3730407527,41573941,19
42687150,41573941,19
5367365132,41573941,19
41737196,2714317928,19
42687152,41573941,19
41913779,2974049890,19
4176960380,330683940,19
41598783,41501559,19
314441611,41501559,19
255737869,41501559,19
9092783245,2714317928,19
41766562,41501559,19
41884199,41573941,19
41812238,330683940,19
41547994,41573941,19
41990402,8703186571,19
41832462,2714317928,19
41896294,41573941,19
2139420960,8703186571,19
4347541827,2714317928,19
42343941,8703186569,19
41832447,2714317928,19
42305878,2714317928,19
41766576,41501559,19
41812235,330683940,19
1584142800,2714317928,19
41896266,7241586275,19
42700568,41573985,19
42454768,8703186571,19
41958410,330683940,19
939776548,2974049890,19
41606456,41573995,19
3844371737,41501559,19
41965175,330683940,19
256521305,2974049890,19
41691996,41573941,19
42019698,2974049890,19
42001978,2974049890,19
7590696662,2714317928,19
42264090,8703186569,19
6387319927,8703186571,19
6387319926,8703186571,19
41757581,2974049890,19
41882797,2714317928,19
42001827,330683940,19
42019923,330683940,19
41816600,41573985,19
42001796,330683940,19
41719567,41573941,19
41633386,2974049890,19
255945997,2714317928,19
255946051,2714317928,19
4346605151,2714317928,19
41592041,41573985,19
41592039,7241586275,19
41882814,330683940,19
41882830,2714317928,19
42407697,8703186569,19
2291377747,41573941,19
4341934022,41501559,19
41965181,330683940,19
41969552,41573941,19
41969524,41573941,19
41969518,7241586275,19
41609470,2974049890,19
41609477,41501559,19
41764215,41573985,19
3983477326,41573941,19
41190693,41573941,19
4341933877,41501559,19
41724389,41573941,19
41567487,2714317928,19
42002066,41501559,19
7590696632,2714317928,19
42002035,41501559,19
3989531155,41573985,19
41440627,41573941,19
42002008,41501559,19
7162195810,2714317928,19
42001803,330683940,19
5641650173,2714317928,19
41493567,2714317928,19
42271490,8703186569,19
41830145,41573941,19
42693013,8703186571,19
41677374,7241586275,19
41267591,8703186571,19
2226686417,41573995,19
41785375,41573995,19
42551776,8703186569,19
256520541,2974049890,19
7280628307,41573941,19
41677338,41573941,19
41849438,41501559,19
41785378,41573995,19
42480190,41573941,19
319882977,8703186569,19
3365286545,5078563599,19
4341933201,41501559,19
42213876,41573941,19
42574258,41573941,19
41493571,2714317928,19
41493577,2714317928,19
41816603,41573985,18
41785372,41573995,18
7280628294,41573985,18
316738869,41573941,18
2226686510,41573995,18
41520494,2974049890,18
41507057,5078563599,18
42241463,41501559,18
41621105,330683940,18
41507054,5078563599,18
5748905437,8703186571,18
6347019706,8703186569,18
42325441,330683940,18
41816606,41573985,18
7590696626,2714317928,18
5748905438,8703186571,18
401888913,330683940,18
41670741,2714317928,18
41719331,41573941,18
42358860,2974049890,18
42228425,2714317928,18
41653781,8703186569,18
320064242,8703186569,18
41849024,8703186571,18
41653486,41573941,18
41359336,8703186571,18
42423243,2714317928,18
41423743,8703186571,18
42407695,8703186569,18
41832465,2714317928,18
41882790,41573941,18
7280628405,5078563599,18
42438942,8703186571,18
42438981,41573941,18
41832458,2714317928,18
42011751,41573941,18
41832457,2714317928,18
41719560,41573941,18
41750469,41573941,18
41751210,41573941,18
1584142797,2714317928,18
42408282,330683940,18
41750465,41573941,18
4176960312,330683940,18
7590696661,2714317928,18
41896264,7241586275,18
42012491,41573985,18
7280628305,41573941,18
41849420,41501559,18
41686984,2974049890,18
41766593,41501559,18
41847652,41573941,18
41849039,8703186571,18
41896246,5078563599,18
41882833,2714317928,18
41847645,41573941,18
42001830,330683940,18
42591714,8703186569,18
2263218338,41501559,18
3249145216,8703186571,18
41805657,41573941,18
41764213,41573985,18
41543601,41573941,18
4341934016,41501559,18
4341934018,41501559,18
4341934026,41501559,18
41547964,41573941,18
41969654,41501559,18
42477650,8703186571,18
2263218326,41501559,18
41707749,2714317928,18
41937132,2974049890,18
41190698,41573941,18
2263218341,41501559,18
5162648966,2714317928,18
3884382386,41573941,18
41190806,41573941,18
41547968,41573941,18
41674338,2974049890,18
41547975,41573841,18
42264095,8703186569,18
42591705,8703186569,18
41547986,7241586275,18
41875723,41573941,18
41433530,41573985,18
41630189,2714317928,18
41592037,7241586275,18
41493662,41573941,18
41493581,2714317928,18
41493564,2714317928,18
41613366,41573941,18
2298312622,2714317928,18
4341933084,41501559,18
42271477,8703186569,18
41724507,41573941,18
3363564233,8703186571,18
41677377,7241586275,18
42019711,41501559,18
41495434,8703186569,18
41677356,41573841,18
41677345,5078563599,18
41190689,41573941,18
315632713,41573841,18
41677342,41573941,18
42414457,41501559,18
41545512,41573995,18
41759042,41573941,18
41611252,330683940,18
255722163,8703186571,18
41203110,2974049890,18
41190628,2974049890,18
3983108652,41573941,18
41740841,5078563599,18
1945679658,41573841,18
41851703,41501559,18
41190644,2974049890,18
42347040,41573941,18
3989531161,41573985,18
41190651,2974049890,18
41190654,2974049890,18
41567488,330683940,18
41724385,41573941,18
41724384,41573941,18
41632211,41573941,18
8997644658,8703186569,18
41830127,8703186569,18
42430533,41573841,18
42469113,41501559,18
42343839,8703186571,18
41810861,8703186571,18
41771163,41573941,18
41633698,330683940,18
41754737,41573941,18
41958394,330683940,18
41885729,2974049890,18
41633746,2714317928,18
41885720,2974049890,18
41633760,330683940,18
5145026376,8703186571,18
41830147,41573941,18
42343803,8703186571,18
41633660,41501559,18
8937184601,8703186571,18
41819480,8703186571,18
8937184600,8703186571,18
41925906,41501559,18
41925916,41501559,18
9092783239,2714317928,18
41737256,2714317928,18
41884705,5078563599,18
41598782,41501559,18
41884664,41573841,18
42408932,2974049890,18
41810858,8703186571,18
41623159,2714317928,18
42574225,41573941,18
3983473448,41573941,18
3983473447,41573941,18
6381265329,41573941,18
42541897,2974049890,18
41812231,330683940,18
317438658,330683940,18
42485528,41573985,18
42485522,41573985,18
42426845,41501559,18
2301213370,8703186571,18
6381265352,41573941,18
42454756,8703186571,17
41816609,41573985,17
41913756,2974049890,17
3703650942,2714317928,17
3365286543,41573941,17
42008227,41501559,17
5045926420,41573841,17
42417741,2974049890,17
255964193,2714317928,17
42417722,2974049890,17
41710738,5078563599,17
5045926391,41573841,17
4351774068,41573941,17
41631682,41573941,17
7280628286,41573985,17
7280628288,41573985,17
316150339,8703186571,17
42612246,5078563599,17
42414454,41501559,17
42414449,41501559,17
41520498,2974049890,17
42414444,41501559,17
7280628306,5078563599,17
41631693,41573941,17
41631700,41573941,17
6503067876,41573941,17
6503067867,41573941,17
41751158,5013837645,17
42335597,41501559,17
6503070968,41573941,17
42351255,5013837645,17
41996922,2714317928,17
2263218333,41501559,17
41859261,41501559,17
42438936,8703186571,17
2263218327,41501559,17
41547972,41573841,17
42302460,41573985,17
314439814,41501559,17
2301213375,8703186571,17
2263054417,8703186569,17
41547985,7241586275,17
42406271,41501559,17
42488194,41573985,17
388430995,41573985,17
41547962,41573941,17
2139421019,8703186571,17
388430998,41573985,17
42024099,41573941,17
42454676,41573941,17
6503070913,41573941,17
41750463,41573941,17
6503070954,41573941,17
316913829,2974049890,17
41875720,41573941,17
6149033538,2714317928,17
41925878,41501559,17
3983473449,41573941,17
41979402,8703186571,17
7590688345,2714317928,17
4176960313,330683940,17
42347044,41573941,17
42430513,41573841,17
41968123,8703186569,17
41885737,2974049890,17
338075809,5013837645,17
3534315738,41573941,17
41507053,5078563599,17
42459454,41573985,17
6381265318,41573941,17
42574249,41573941,17
6381265330,41573941,17
41670750,2714317928,17
2294276655,2714317928,17
155836221,8703186571,17
6503113512,2974049890,17
6503113514,2974049890,17
7645062136,2714317928,17
42588022,8703186571,17
41493659,41573941,17
41641206,8703186571,17
42001777,2714317928,17
41719561,41573941,17
42001811,330683940,17
42408281,330683940,17
42408299,330683940,17
42018214,2974049890,17
9092783237,2714317928,17
41851684,41501559,17
42228427,2714317928,17
338074539,41573985,17
41884656,5078563599,17
256187007,2714317928,17
41884227,2714317928,17
41884667,41573841,17
41884775,41573841,17
42409067,330683940,17
42409185,41501559,17
315627932,41573841,17
42409225,8703186569,17
42409270,8703186569,17
42310971,5078563599,17
41884189,41573941,17
41606467,41573985,17
41819475,8703186569,17
41819487,8703186571,17
155835806,8703186571,17
338075208,5013837645,17
42018210,2974049890,17
41913701,2974049890,17
42397738,2714317928,17
42708626,41573941,17
3983108646,41573941,17
41593394,8703186569,17
3363564232,8703186571,17
41691914,41573941,17
41691947,41573941,17
42347369,2974049890,17
41495437,8703186569,17
42019813,2974049890,17
315632705,41573841,17
41643740,41573941,17
41587961,41573941,17
41882788,41573941,17
41643741,41573941,17
41751676,41501559,17
41751664,41501559,17
41751658,41501559,17
256520092,2974049890,17
41594798,5078563599,17
42210132,2714317928,17
3346067454,7241586275,17
41587959,41573941,17
41740842,5078563599,17
42264099,8703186569,17
42477621,8703186571,17
42001971,2974049890,17
42002042,41501559,17
41965248,330683940,17
42002051,41501559,17
7590696627,2714317928,17
4341933873,41501559,17
4341934023,41501559,17
4341934025,41501559,17
41621106,330683940,17
41937003,2974049890,17
41740840,5078563599,17
41719328,41573941,17
3846105361,8703186571,17
41653780,8703186569,17
41653773,8703186569,17
41653766,8703186569,17
2281679181,2714317928,17
255661542,41573985,17
42625391,5078563599,17
41724381,41573941,17
41520491,2974049890,17
41623158,2714317928,17
314442070,41501559,17
41633743,2714317928,17
401884184,330683940,17
41714396,41573995,17
2376762100,41501559,17
41633657,41501559,17
41633699,330683940,17
42353451,5078563599,17
41896285,41573941,17
41633745,2714317928,17
41337413,41573941,17
41896261,7241586275,17
41896244,5078563599,17
41633763,330683940,17
41633775,330683940,17
41894811,41573841,17
41894809,41573841,17
41633803,2974049890,17
41830085,8703186571,17
6387319923,8703186571,17
42584147,41501559,17
316738590,41573941,17
41567491,330683940,17
41190687,41573941,17
41190631,2974049890,17
42404795,41573841,17
41487176,41573995,17
41190709,41573941,17
41190714,41573941,17
41730198,41573941,17
41633373,2974049890,17
41190722,41573941,17
317639463,41573841,17
3249145215,8703186571,17
41190787,41573941,17
255722128,8703186571,17
314443209,41573841,17
2226686550,41573995,17
8340588586,2974049890,17
41830143,41573941,17
42306195,2714317928,16
41495574,41501559,16
42270238,2974049890,16
42454822,41573841,16
3365286546,41573941,16
3363564260,8703186571,16
41200703,41573985,16
41520487,2974049890,16
3846108773,8703186571,16
41714393,41573995,16
5162648965,2714317928,16
41969734,41573985,16
6503113510,2974049890,16
7590688346,2714317928,16
42019812,2974049890,16
317437509,330683940,16
41493554,41573941,16
41859260,41501559,16
42416455,41573941,16
5199796217,2974049890,16
3574852346,7241586275,16
42342350,41501559,16
42019837,2974049890,16
4341933191,41501559,16
4341933195,41501559,16
42407866,2974049890,16
314441687,41501559,16
41481868,41573995,16
41714394,41573995,16
41587963,5078563599,16
3846105367,8703186571,16
41640277,5078563599,16
41918815,41501559,16
41605284,2714317928,16
42606984,8703186571,16
3363564217,41573841,16
41918861,41501559,16
42024251,41501559,16
315627652,41573841,16
41819079,5078563599,16
41968104,8703186569,16
3363564245,8703186571,16
256519344,2974049890,16
41969637,5078563599,16
8142883225,5013837645,16
388430968,41573985,16
2301557579,8703186571,16
41968211,8703186571,16
41587957,41573941,16
41190707,41573941,16
41896361,41501559,16
7280628287,41573985,16
41670748,2714317928,16
41631698,41573941,16
41493657,41573941,16
2295912648,8703186571,16
42001892,2974049890,16
42302458,41573985,16
41811173,8703186569,16
42001773,2714317928,16
42011726,41573941,16
320988542,41501559,16
41855873,5078563599,16
41190725,41573941,16
41633368,2974049890,16
42489577,8703186571,16
41819076,5078563599,16
255722107,8703186571,16
42024015,5078563599,16
41641149,8703186571,16
3931741115,8703186571,16
2318614612,2714317928,16
42024021,5078563599,16
4346646679,41573841,16
372263516,41573995,16
42024159,41573941,16
41855863,5078563599,16
42001966,2974049890,16
317639387,41573841,16
255661469,41573985,16
42024033,5078563599,16
42315868,41501559,16
41913709,2974049890,16
3363563635,41573841,16
41719553,41573941,16
41750461,41573941,16
42439136,2714317928,16
42316563,2974049890,16
42587997,41573841,16
41592026,7241586275,16
41884776,41573841,16
42316566,2974049890,16
41592031,7241586275,16
41592033,7241586275,16
7555614367,2974049890,16
42316579,2974049890,16
255722007,8703186571,16
41641202,8703186571,16
41884671,41573841,16
42002048,41501559,16
41190717,41573941,16
8660637461,41573941,16
42417717,2974049890,16
8112956754,41573995,16
317699382,330683940,16
41719555,41573941,16
156181842,8703186571,16
7590687559,2714317928,16
42265978,8703186571,16
5900004681,41501559,16
41581241,41573941,16
42409017,330683940,16
41611275,330683940,16
41633797,2974049890,16
41520610,41501559,16
3629372285,41501559,16
41520615,41501559,16
41979374,8703186571,16
9095203737,41573941,16
41695448,41573941,16
41884274,8703186571,16
41751215,5013837645,16
3519328472,41573985,16
418953777,2714317928,16
255944629,2714317928,16
41884235,2714317928,16
394924711,2714317928,16
41653770,8703186569,16
42404782,5078563599,16
41751646,41501559,16
1789501290,2974049890,16
42376248,41573841,16
6503070902,41573941,16
3884364855,41573995,16
42454544,8703186571,16
41884172,41573941,16
41740838,5078563599,16
3983154703,41573941,16
41751178,5013837645,16
42409182,41501559,16
41724436,41573941,16
41594796,5078563599,16
41594795,5078563599,16
3846116083,8703186569,16
42409079,330683940,16
41851680,41501559,16
41724437,41573941,16
41691949,41573941,16
41547949,41573841,16
5045926415,41573841,16
42707463,8703186571,16
7393366714,2714317928,16
41639394,41501559,16
42414446,41501559,16
41606468,41573985,16
41819462,8703186569,16
41732183,41573941,16
41567494,330683940,16
42306191,2714317928,16
41567500,330683940,16
41631668,41573941,16
41520590,330683940,16
42687960,5013837645,16
41567502,330683940,16
314441147,41501559,16
41593393,8703186569,16
2281679183,2714317928,16
41937201,330683940,16
41896258,7241586275,16
41572706,8703186571,16
3534315716,41573941,16
3534315742,41573941,16
3534315751,41573941,16
42271421,41573941,16
41926935,41501559,16
317639876,8703186571,16
42646191,2974049890,16
41805644,41573941,16
41633655,41501559,16
41677324,5078563599,16
3983437321,41573941,16
41677339,41573941,16
41707821,2714317928,16
2376762102,41501559,16
41677347,5078563599,16
42598539,5078563599,16
42241412,41501559,16
41679543,330683940,16
41218599,8703186571,16
2376762097,41501559,16
41875715,41573941,16
41190865,41573941,16
6503070886,41573941,16
41553006,41573941,16
41885734,2974049890,16
42376223,41573841,16
3931739243,8703186571,16
41643746,41573941,16
41598778,41501559,16
41553464,41501559,16
41751651,41501559,16
41677323,5078563599,16
41633733,2974049890,16
42707518,8703186569,16
41495369,7241586275,16
330673801,41573985,16
41495372,41573941,16
42708612,5013837645,16
41875713,330683940,16
41495374,41573941,16
41979471,41573841,16
4347789190,7241586275,16
41633702,330683940,16
42441081,8703186569,16
330673826,41573985,16
41730226,41573941,15
41969739,41573985,15
2303895566,8703186569,15
42024147,41573941,15
6503070898,41573941,15
320996695,41501559,15
41883135,7241586275,15
41190728,41573941,15
41851688,41501559,15
3588278995,41501559,15
42306269,2974049890,15
3846116086,8703186569,15
41819092,5078563599,15
41567498,330683940,15
3703559016,8703186571,15
2821297233,41573995,15
41751649,41501559,15
41892207,41573941,15
3931739240,8703186571,15
42625372,41501559,15
41882779,41573941,15
41819082,5078563599,15
42257285,41573941,15
41567527,2974049890,15
42022097,8703186569,15
3223991524,41573985,15
3846105365,8703186571,15
41730192,41573941,15
41587955,41573941,15
41707755,2714317928,15
41850132,8703186571,15
41707745,2714317928,15
41850139,8703186571,15
3931741123,8703186571,15
41937068,330683940,15
41937048,2714317928,15
3363563611,41573841,15
41969747,41573985,15
41587954,41573941,15
41592029,7241586275,15
41969627,5078563599,15
42306185,2714317928,15
41238931,41573995,15
41630260,2714317928,15
42409009,2714317928,15
42376234,41573841,15
42376218,41573841,15
42303912,2974049890,15
41633731,2974049890,15
42211732,5078563599,15
41633706,330683940,15
3981260818,7241586275,15
42203094,5078563599,15
3534315715,41573941,15
3534315737,41573941,15
41689343,2714317928,15
41884680,41573841,15
41918795,41501559,15
8142883223,5013837645,15
41926922,41501559,15
41581243,41573941,15
41633650,41501559,15
41918828,41501559,15
2819398147,41573995,15
41884178,41573941,15
41683254,8703186571,15
41695444,41573941,15
338033138,2714317928,15
41547977,41573941,15
41859252,41501559,15
41547952,41573841,15
41812309,41573941,15
42409254,8703186569,15
4351723665,2714317928,15
41732180,41573941,15
41851689,41501559,15
41639392,41501559,15
41584924,8703186571,15
41884294,8703186571,15
3983112282,41573941,15
41633795,2974049890,15
41884280,8703186571,15
41590406,330683940,15
41884744,5078563599,15
41630258,2714317928,15
41655996,41501559,15
41896240,5078563599,15
41918858,41501559,15
9055770762,2974049890,15
41968094,8703186569,15
42376171,41501559,15
42436198,8703186571,15
42416457,41573941,15
2226699298,41573985,15
42001842,41573941,15
42001889,2974049890,15
42001960,2974049890,15
5025758305,2974049890,15
3588278892,41501559,15
41190864,41573941,15
4167931485,41573941,15
320988509,41501559,15
255722118,8703186571,15
41190820,41573941,15
42376125,41501559,15
42024050,41501559,15
5162648964,2714317928,15
41969461,41573985,15
3931741122,8703186571,15
41819075,5078563599,15
4341929508,41501559,15
42001768,2714317928,15
41719551,41573941,15
41812221,330683940,15
3846108779,8703186571,15
8142883224,5013837645,15
42607083,8703186569,15
41588834,41573841,15
41632054,41573841,15
3629769362,41573941,15
41670746,2714317928,15
41785415,41573960,15
5065152550,2974049890,15
3931741106,8703186571,15
42485548,5013837645,15
41958385,330683940,15
6503113508,2974049890,15
3846116061,8703186569,15
41493557,41573941,15
41896388,41501559,15
338037231,2714317928,15
41641157,8703186571,15
8660637464,41573941,15
8660637463,41573941,15
8112956753,41573995,15
41724430,41573941,15
42477668,41573941,15
41520593,330683940,15
2294793433,2714317928,15
41855869,5078563599,15
41693604,41573941,15
41553422,41501559,15
42404992,41573941,15
41520611,41501559,15
5902782686,41501559,15
41660279,41573941,15
42438925,2974049890,15
42417681,2974049890,15
41495378,41573941,15
41495364,7241586275,15
41691952,41573941,15
1507966902,7243234049,15
41520587,330683940,15
317640133,8703186571,15
42438996,41573941,15
41691942,41573941,15
42271588,41573941,15
8660516973,41573941,15
41594792,5078563599,15
41691921,41573941,15
41578407,2714317928,15
3363564253,8703186571,15
252358966,8703186569,15
41611274,330683940,15
41757565,2974049890,15
41567359,2974049890,15
41495425,41573941,15
41495559,41501559,15
42454724,41573841,15
2488364143,41573995,15
41766599,41501559,15
42454771,41573941,15
7265484503,41501559,15
42454788,41494603,15
5900004680,41501559,15
2376762094,41501559,15
41677348,5078563599,15
41495571,41501559,15
41495565,41501559,15
42019845,2974049890,15
9000423514,8703186571,15
42019830,2974049890,15
41714388,41573995,15
939787183,2974049890,15
42019767,8703186571,15
41520780,41573941,15
41677326,5078563599,15
41692077,41573841,15
5636780557,41573995,15
7590687558,2714317928,15
42454589,8703186571,15
41598774,41501559,15
41710746,5078563599,15
41448046,41494603,15
3363564066,41573841,15
41751216,5013837645,15
255738740,41573841,15
6425079897,41573995,15
255815786,41573985,15
2301448826,8703186571,15
41190622,2974049890,15
41724446,41573941,15
42430525,41573841,15
3712512239,7241586275,15
41520484,2974049890,15
42347046,330683940,15
41740836,5078563599,15
42347048,330683940,15
3519328473,41573985,15
7393366727,2714317928,15
41969030,41501559,14
42229836,7243234049,14
41238930,41573995,14
41495421,41573941,14
41553420,41501559,14
41683251,8703186571,14
41693601,41573941,14
5727275321,2714317928,14
41495444,5078563599,14
252358781,8703186571,14
42233483,41494603,14
41848955,41588018,14
5636780531,41573995,14
41553428,41501559,14
42001886,2974049890,14
42001878,41573941,14
42001846,41573941,14
42001954,2974049890,14
42652528,5078563599,14
41567356,2974049890,14
5206122454,41573841,14
41844609,2714317928,14
41633364,2974049890,14
42625414,5078563599,14
3629372282,41501559,14
41896237,5078563599,14
41875709,330683940,14
41655994,41501559,14
3857581413,41573941,14
41969478,41573985,14
41567517,2974049890,14
41582945,8703186569,14
41351447,41573941,14
3983112286,41573941,14
41730230,41573941,14
2821297203,5013837645,14
42516866,41573941,14
41553003,41573941,14
41567523,2974049890,14
255915428,7243234049,14
41956752,41573841,14
41495362,7241586275,14
4341929503,41501559,14
4167931449,41573941,14
41969470,41573985,14
3983154743,41573949,14
41884298,8703186569,14
42482810,8703186569,14
41660278,41573941,14
41190815,41573941,14
5902782685,41501559,14
41884283,8703186571,14
8660516951,41573941,14
42404993,41573941,14
42306175,2714317928,14
41590403,330683940,14
41709961,2714317928,14
41859653,8703186571,14
41855860,5078563599,14
41633784,2974049890,14
42001755,2714317928,14
317690728,8703186571,14
41495450,5078563599,14
41926915,41501559,14
41640283,5078563599,14
41785416,41573960,14
8660516917,41573941,14
41708817,8703186571,14
41633646,41501559,14
317260785,41573841,14
42454866,5013837645,14
8660637441,41573941,14
42646202,2974049890,14
41896376,41501559,14
41740832,5078563599,14
42446282,2714317928,14
41751223,5013837645,14
5636780565,41573995,14
41766598,41501559,14
41476783,7243234049,14
41495634,7241586275,14
41588831,41494603,14
8905862398,41573941,14
3520950477,5078563599,14
41918824,41501559,14
42396918,41573941,14
2488364135,5013837645,14
5636765543,5013837645,14
5636765552,41573985,14
42376156,41501559,14
41896350,41573941,14
2488364145,41573995,14
41812218,330683940,14
41954503,41501559,14
9055770761,2974049890,14
42679711,41501559,14
41677328,5078563599,14
42376169,41501559,14
41819073,5078563599,14
330673799,41573985,14
6442049052,2714317928,14
41495455,41573841,14
41750531,41573941,14
5636780550,41573995,14
42211701,5078563599,14
42211697,5078563599,14
41495459,41573841,14
41979507,41573841,14
8660637465,41573941,14
42708576,41573941,14
8444584097,2714317928,14
41520777,41573941,14
41567896,2974049890,14
3643264305,2974049890,14
42440950,8703186569,14
42441001,8703186569,14
42440987,8703186569,14
41759491,41573941,14
41724428,41573941,14
337912090,41573941,14
5244080042,8703186569,14
41918786,41501559,14
331857576,7243234049,14
41507071,5078563599,14
2301557404,8703186571,14
41493605,2974049890,14
42211309,5078563599,14
41740835,5078563599,14
41495557,41501559,14
41969600,5078563599,14
42376147,41501559,14
41190606,41573941,14
2301557249,8703186571,14
41859250,41501559,14
41653487,41573941,14
41594790,5078563599,14
41850193,8703186569,14
41547945,41573841,14
42241427,41501559,14
5634899234,2714317928,14
41812302,41573941,14
41811167,8703186569,14
42553758,41501559,14
42228447,2974049890,14
41884866,41573841,14
41925931,41501559,14
41520528,2714317928,14
2263218334,41501559,14
8660516974,41573941,14
41859265,41501559,14
41593400,8703186569,14
41835346,41501559,14
42306265,2974049890,14
2263218331,41501559,14
42409007,2714317928,14
41812307,41573941,14
41694466,8703186571,14
42439033,2974049890,14
41578406,2714317928,14
41584925,8703186571,14
42325425,330683940,14
3931741094,8703186571,14
41707754,2714317928,14
41850120,8703186571,14
3363564259,8703186571,14
42477799,41573841,14
320996660,41501559,14
42561851,2974049890,14
41866491,41501559,14
41759046,41573941,14
42716132,8703186571,14
3730401506,5078563599,14
338955251,41573941,14
252358998,8703186571,14
41695442,41573941,14
1507966921,7243234049,14
41751672,41501559,14
41567534,2974049890,14
41937071,330683940,14
41520533,330683940,14
42404825,5078563599,14
41937058,2714317928,14
41896220,5078563599,14
41543949,2714317928,14
3520951386,5078563599,14
41884742,5078563599,14
42430522,41573841,14
3846105375,8703186571,14
41851738,8703186569,14
41707807,2714317928,14
2263218315,41501559,14
3029060836,2974049890,14
41710743,5078563599,14
41190732,41573941,14
42024281,7241586275,14
41190735,41573941,14
42477934,5078563599,14
42310949,5078563599,14
41751642,41501559,14
41712835,8703186571,14
8691333364,41573941,14
41719309,41573941,14
41751189,5013837645,14
41520584,330683940,14
41746551,41573995,14
2300216541,7241586275,14
41883132,7241586275,14
41926963,41501559,14
3931741097,8703186571,14
1617023315,2714317928,14
41653764,41573941,14
41585537,8703186571,14
41710740,5078563599,14
42388165,41501559,14
7246713188,41573841,14
41730218,41573941,14
41190607,41573941,14
41520594,330683940,14
41448042,41494603,14
41638604,41501559,14
41737232,2714317928,14
41503385,8703186571,14
41639390,41501559,14
1507966896,2714317928,14
41730223,41573941,14
41884684,41573841,14
330675446,41573985,14
41913739,2974049890,14
42024278,7241586275,14
41707812,2714317928,14
42306225,2974049890,14
41852310,8703186569,14
42310959,5078563599,14
42376215,41573841,14
4347470110,8703186571,13
3931741086,8703186571,13
3520950471,5078563599,13
41520536,330683940,13
3931741072,8703186571,13
41884690,41573841,13
8691333359,41573941,13
41520523,2714317928,13
41520525,2714317928,13
4346605144,2714317928,13
41913743,2974049890,13
41884724,41573941,13
41835347,41501559,13
42408991,2714317928,13
42376139,41501559,13
41954530,41501559,13
41683224,8703186569,13
5636780573,41573995,13
41520531,330683940,13
41677330,5078563599,13
41922810,5078563599,13
8691333365,41573941,13
41605270,2714317928,13
4347470090,8703186571,13
41535658,41573949,13
42686752,41573985,13
41709951,2714317928,13
41812304,41573941,13
41884185,41573941,13
41819063,5078563599,13
41520565,41967419,13
41683249,8703186571,13
41693598,41573941,13
41750023,41573841,13
41683235,8703186571,13
42271577,41573960,13
41602562,5078563599,13
42310955,5078563599,13
41633780,2974049890,13
41535634,8703186560,13
41736822,41573995,13
42203085,5078563599,13
41660272,41573941,13
42271601,41573941,13
41520581,330683940,13
2263218314,41501559,13
41520604,330683940,13
41896233,5078563599,13
41660276,41573941,13
41744473,41573841,13
41737231,2714317928,13
41535610,5078563599,13
41535606,5078563599,13
3983154738,41573949,13
41502753,41573841,13
41553427,41501559,13
2263218330,41501559,13
42228442,2974049890,13
41553429,41501559,13
41779209,41573841,13
3712430303,41573841,13
41896325,5013837645,13
41896321,41573985,13
252358799,8703186571,13
41535664,41573941,13
316001926,41573841,13
41819070,5078563599,13
42233464,41494603,13
41896226,5078563599,13
7757601572,7243234049,13
42454631,8703186571,13
42211722,5078563599,13
41654670,41573985,13
41633716,41588018,13
41529713,41573995,13
41520562,41588018,13
41547938,41573841,13
41859650,41588018,13
41884862,41573841,13
41594789,5078563599,13
41672772,41573841,13
41655003,41494603,13
42271539,8703186569,13
5636780528,41573995,13
42271562,41573841,13
41501600,41501559,13
41926961,41501559,13
331857329,7243234049,13
41503383,8703186571,13
42022089,5078563599,13
41683561,7241586275,13
42281668,5078563599,13
41925928,41501559,13
42024227,41501559,13
5902812690,41501559,13
41190610,41573941,13
41495401,41573941,13
41731270,8703186569,13
6315979718,5013837645,13
41190810,41573941,13
6432748488,8703186569,13
41614453,2714317928,13
41587953,41573941,13
42404819,5078563599,13
41859239,41501559,13
42404824,5078563599,13
41495383,41573941,13
42404806,41501559,13
41495415,41573941,13
41543951,2714317928,13
42335561,41501559,13
315627193,41573841,13
42024000,5078563599,13
41614402,2714317928,13
41996906,2714317928,13
3846110810,8703186571,13
41956585,41573841,13
330675445,41573985,13
41614417,2714317928,13
41855858,5078563599,13
41495418,41573941,13
42022148,8703186569,13
3519288958,5013837645,13
317642363,41573841,13
41567533,2974049890,13
330675480,41573985,13
5902812709,41501559,13
41866486,41501559,13
42024086,8703186571,13
41866487,41501559,13
41811166,8703186569,13
41190739,41573941,13
42306222,2974049890,13
3843980496,5078563599,13
7246713189,41573841,13
42388158,41501559,13
42439030,2974049890,13
42011711,41573941,13
5969909162,41573995,13
42477716,41573941,13
41495330,5078563599,13
41850189,8703186569,13
41495327,5078563599,13
41691936,41573941,13
42306260,2974049890,13
2263218342,41501559,13
42439068,8703186571,13
41543813,2714317928,13
41883130,7241586275,13
42404828,5078563599,13
41876988,41494603,13
5634899224,2714317928,13
3857581410,5078563599,13
5634899221,2714317928,13
3363564262,8703186571,13
904384829,2714317928,13
3730401507,5078563599,13
41855193,2974049890,13
41937075,330683940,13
41653762,41573941,13
3574852339,7241586275,13
41719307,41573941,13
41553000,41573941,13
41719304,41573941,13
42306213,2974049890,13
41746546,41573995,13
42553810,41501559,13
41280990,41501559,13
42264058,41573941,13
315986031,41573841,13
41567905,2974049890,13
42413079,5078563599,13
7265020297,2714317928,13
42625412,5078563599,13
5199796218,41573941,13
41495552,41501559,13
41847696,41573941,13
7265020285,2714317928,13
41812217,330683940,13
42477963,41494603,13
41585535,8703186571,13
41994744,8703186571,13
3583644674,41967419,13
2714318001,41573995,13
5757681323,41501559,13
42404787,41501559,13
41778132,41588018,13
42413080,5078563599,13
6888510286,7243234049,13
41631179,41573841,13
41656935,8703186569,13
41538285,41494603,13
5636765565,41573985,13
5342375078,8703186569,13
320049941,8703186569,13
394924839,2714317928,13
5636765553,41573985,13
41495638,41494603,13
41656937,8703186569,13
41567512,2974049890,13
41740829,5078563599,13
41495631,7241586275,13
41896373,41501559,13
41631126,41494603,13
330699588,7243234049,13
42454864,5013837645,13
3363564004,41573841,13
41778143,8703186571,13
42413006,41573985,13
42376145,41501559,13
41778155,41573841,13
8660637444,41573941,13
3857585306,41573941,13
41495458,41573841,13
41593169,41494603,13
3029037955,5078563599,13
3857585307,41573941,13
8660637443,41573941,13
42306050,41501559,13
42023948,5078563599,13
41495447,5078563599,13
41567350,41573941,13
7590687582,2714317928,13
41633361,2974049890,13
41751670,41501559,13
41750524,41573941,13
41495465,41573841,13
1617022963,2714317928,13
42022414,41573841,13
41719586,41573941,13
41592064,7241586275,13
41592052,7241586275,13
41587882,7243234049,13
41847691,41573941,13
41691926,41573941,12
2263218432,41501559,12
41937025,2714317928,12
41543811,2714317928,12
42022061,41573841,12
2263218354,41501559,12
41495325,5078563599,12
2714317994,41573995,12
3467900149,8703186569,12
41740823,5078563599,12
41691930,41573941,12
41884853,41573841,12
320989810,41501559,12
41535673,41573841,12
41682190,41501559,12
2263218358,41501559,12
42376199,41573841,12
418969823,330683940,12
7265020286,330683940,12
7265020287,330683940,12
7265020288,2714317928,12
3574852336,7241586275,12
41609579,41501559,12
41744457,8703186560,12
42477914,41501559,12
41922808,5078563599,12
320989607,41501559,12
41695431,41573941,12
8691333342,41573941,12
6418508408,7243234049,12
41535662,41573941,12
6418508406,7243234049,12
41884818,41573841,12
252358885,8703186569,12
41632205,41573941,12
42022210,41573960,12
317649724,41494603,12
41495487,41573841,12
41641189,8703186569,12
41641191,8703186569,12
41495466,41573841,12
42419842,41573841,12
41961379,8703186571,12
41567866,2974049890,12
5636780539,41573995,12
41633712,41588018,12
41592166,2974049890,12
41495497,41494603,12
3029037956,5078563599,12
5636780535,41573995,12
41672771,41573841,12
41633360,2974049890,12
5697454668,2714317928,12
42001861,41573941,12
42264040,5078563599,12
42264047,5078563599,12
42264053,5078563599,12
41495494,41494603,12
5674141359,41573985,12
3844434014,8703186569,12
41414016,7243234049,12
41954516,41501559,12
339012828,41573960,12
42577031,2974049890,12
5636765554,41573985,12
41657037,5078563599,12
41495628,7241586275,12
41657039,5078563599,12
3846108780,8703186571,12
42576941,41588018,12
42413100,5078563599,12
42203076,5078563599,12
42576935,41588018,12
42485544,41573985,12
42235836,5078563599,12
41677331,5078563599,12
41611994,41573841,12
3642918621,41501559,12
4346605143,2714317928,12
339012599,41573949,12
41495541,8703186571,12
42280448,41573841,12
42693024,41967419,12
42214915,41494603,12
41495333,41501559,12
41190744,41573941,12
41609213,8703186569,12
317644228,41494603,12
41609214,8703186560,12
41535592,41501559,12
41609222,8703186560,12
41535607,5078563599,12
41495335,41501559,12
41650318,41573841,12
41535632,8703186569,12
42264081,41573841,12
41494587,41494603,12
41529706,41573995,12
42022223,41573941,12
41819409,8703186560,12
3712430301,41573841,12
41594787,5078563599,12
2263218329,41501559,12
41563464,330683940,12
41691935,41573941,12
42203025,5078563599,12
41502750,41573841,12
41190750,41573949,12
6442049053,2714317928,12
5080817378,2714317928,12
42001941,2974049890,12
2626674345,2714317928,12
42693020,41967419,12
41501599,41501559,12
41495412,41573941,12
42027003,8703186571,12
6315979716,5013837645,12
41495405,41573941,12
41779208,41573841,12
41714382,5013837645,12
255944372,2714317928,12
41744471,41573841,12
41495398,41573941,12
41190600,41573941,12
41495386,41573941,12
3983154742,41573949,12
42271393,5078563599,12
6442049054,2714317928,12
42038831,41573841,12
3712430300,41573841,12
330683981,41573985,12
1508153996,7243234049,12
42306073,41501559,12
42553798,41501559,12
42585072,41573841,12
42351096,41588018,12
42404815,41573985,12
42023957,5078563599,12
41652829,41573841,12
41746544,41573995,12
41652831,41967419,12
316505136,41573841,12
41638547,41573941,12
42023994,5078563599,12
41876928,41494603,12
330699444,7243234049,12
8660637445,41573941,12
41719583,41573941,12
41614401,2714317928,12
42211328,41501559,12
41783301,41588018,12
41835322,41501559,12
41978143,41573941,12
315985982,41573841,12
41848930,41967419,12
317690005,41588018,12
5199796219,41573941,12
41552996,41573941,12
904384725,2714317928,12
41994741,8703186571,12
42024138,41573941,12
41859243,41501559,12
41876992,41494603,12
41736818,41573995,12
42404769,41501559,12
41538283,41494603,12
42211334,41501559,12
41683238,8703186571,12
42024208,41501559,12
41638600,41501559,12
7264975984,2714317928,12
5147302859,41573995,12
42194506,5078563599,12
316505333,41573841,12
41850186,8703186569,12
42024214,41501559,12
315626827,41573841,12
330683927,41573985,12
5969909161,41573995,12
42306257,2974049890,12
42306210,2974049890,12
42024119,41573941,12
41896228,5078563599,12
5634899227,2714317928,12
41655001,41494603,12
41882772,41573941,12
41631120,41573841,12
330699578,7243234049,12
42423966,41573841,12
3790099304,41501559,12
41614415,2714317928,12
41585542,8703186571,12
7264975967,2714317928,12
41653471,5078563599,12
41638608,8703186569,12
3857585304,41573941,12
41683560,7241586275,12
3931749474,8703186571,12
41653464,5078563599,12
41653467,5078563599,12
418954916,2714317928,12
41778129,41588018,12
41851779,5078563599,12
41520761,41573941,12
8897337439,2974049890,12
41602753,41573985,12
41535706,41501559,12
3940273401,8703186569,12
41619134,41573941,12
41859682,41573841,12
41896330,5013837645,12
41855857,5078563599,12
338958448,7241586275,12
316001924,41573841,12
41588858,41573841,12
41520539,330683940,12
41819067,5078563599,12
41819060,5078563599,12
41602564,41573906,12
41851770,41573932,12
3931741102,8703186571,12
41851782,5078563599,12
41588862,41573841,12
41683247,8703186571,12
4170144650,41573941,12
41520578,330683940,12
41535870,41494603,12
41602751,5013837645,12
315636277,41573841,12
42454868,41494603,12
41795550,41494603,12
5757681324,41501559,12
42376140,41501559,12
6316380019,41573985,12
41683243,8703186571,12
42355044,5078563599,12
1617022826,2714317928,12
42211718,5078563599,12
42355050,5078563599,12
41520521,2714317928,12
41941613,41573841,11
5697454674,2714317928,11
315898467,41967419,11
41896332,5013837645,11
41672744,41573841,11
41563633,41588018,11
41662494,41573841,11
7907677786,41501559,11
42203068,5078563599,11
42490181,41494603,11
41609218,8703186560,11
41641489,41967419,11
3931743884,8703186571,11
41672739,41573841,11
7113684146,41501559,11
41859644,41588018,11
41989614,4084525376,11
42386965,2974049890,11
330683928,41573985,11
41535868,41494603,11
330683979,41573985,11
41190746,41573941,11
41878880,41573985,11
3931749473,8703186571,11
3981260837,7241586275,11
5697454679,2714317928,11
3931749477,8703186571,11
41190754,41573949,11
42001935,2974049890,11
41563718,41501559,11
41909010,41573841,11
5674141367,41573985,11
41657031,8703186569,11
41670690,41573841,11
41641212,8703186569,11
41592053,7241586275,11
41719619,41573932,11
3613374067,330683940,11
3846108776,8703186571,11
41563697,41501559,11
4347479713,8703186569,11
41563709,41501559,11
42214910,41494603,11
3299517567,2714317928,11
3642918618,41501559,11
41563711,41501559,11
5398668044,7243234049,11
5398668050,7243234049,11
5398668057,7243234049,11
3838780262,8703186569,11
41941905,41573841,11
42038846,41967419,11
41968288,8703186569,11
5757680607,41501559,11
8897337438,2974049890,11
41994763,41494603,11
41632204,41573941,11
42468910,7243234049,11
41588860,41573841,11
41563720,41501559,11
42264030,5078563599,11
42489542,41967419,11
42203022,5078563599,11
41563636,41588018,11
42001870,41573941,11
42203019,5078563599,11
41989621,4084525376,11
8918491602,2974049890,11
42023965,5078563599,11
5902812759,41501559,11
42467549,41588018,11
5636765561,41573985,11
41896359,41573995,11
42306076,41501559,11
42018136,2974049890,11
316505285,41573841,11
41653461,5078563599,11
42388140,41501559,11
5665460110,2714317928,11
4321248003,41501559,11
41602749,5013837645,11
41619151,41573941,11
7256353647,41573841,11
7256353648,41573841,11
320048934,8703186569,11
41495626,7241586275,11
42454844,5078563599,11
320048969,8703186569,11
42413098,5078563599,11
1617022832,2714317928,11
4636339214,5013837645,11
5757681325,41501559,11
41495395,41573941,11
41495505,41494603,11
6453652431,2714317928,11
41634961,8703186571,11
41495484,41573841,11
41495472,41573841,11
41881760,41573941,11
41849013,41967419,11
41495409,41573941,11
41495407,41573941,11
3029035886,5078563599,11
41881789,41573941,11
41881791,41573941,11
5081771610,5078563599,11
42271524,41494603,11
41913925,41967419,11
41602566,41573906,11
3712430302,41573841,11
1507966929,7243234049,11
41520505,2714317928,11
1507966926,7243234049,11
41520509,2714317928,11
42430549,41573841,11
42545211,41573841,11
41520518,2714317928,11
42266877,41501559,11
41520542,330683940,11
41759035,41573941,11
5636780375,41573995,11
3845983662,8703186571,11
41594785,5078563599,11
42414429,41501559,11
41594781,5078563599,11
41594780,5078563599,11
8447095134,330683940,11
41730069,330683940,11
3845983680,8703186571,11
8891256279,41967419,11
41520624,2974049890,11
41660270,41573941,11
41501595,41501559,11
41775506,5078563599,11
41190597,41573941,11
41495390,41573941,11
41494584,41494603,11
41937151,2974049890,11
41631073,41573841,11
41585543,8703186571,11
41593172,41494603,11
320989524,41501559,11
41631063,41573841,11
42022125,41494603,11
42022136,41494603,11
41672733,41573841,11
42477853,41573841,11
5736445201,5013837645,11
41653465,5078563599,11
5736445202,5013837645,11
41661724,5078563599,11
41533533,2714317928,11
42024198,41501559,11
41937117,2974049890,11
42477784,41573841,11
42022189,8703186569,11
41937033,2714317928,11
42477703,41573941,11
3844434015,8703186569,11
41563458,330683940,11
42575959,41967419,11
41563460,330683940,11
41563472,2714317928,11
3790080686,2974049890,11
42024296,41501559,11
41576900,7243234049,11
41631113,41573841,11
42022074,41501559,11
41533538,330683940,11
41714380,5013837645,11
41533544,330683940,11
41495338,41501559,11
3846017371,41573841,11
41746542,41573995,11
41691934,41573941,11
41495323,5078563599,11
41495322,5078563599,11
321278392,5078563599,11
42553791,41501559,11
3574852335,7241586275,11
42585037,41573841,11
42271431,41573841,11
41652827,41573841,11
42585023,41573841,11
5162799725,2714317928,11
42022057,41573841,11
42273726,41573841,11
41710761,5078563599,11
2714317993,41573995,11
41876940,41494603,11
41876922,41494603,11
42022068,5078563599,11
41740821,5078563599,11
41859637,41967419,11
1698683852,330683940,11
41896229,5078563599,11
41851823,41501559,11
41639368,41501559,11
2263218381,41501559,11
41851751,41573949,11
41744453,41573902,11
42580211,41573941,11
41695429,41573941,11
41736816,41573995,11
41695420,41573941,11
2263218428,41501559,11
41638563,41573941,11
41851767,41573932,11
41638639,41573841,11
4170144647,41573941,11
41884838,41573841,11
41632057,41573841,11
42612878,5078563599,11
41835318,41501559,11
41744505,5078563599,11
41535627,41501559,11
41744498,5078563599,11
41835331,41501559,11
8691333340,41573941,11
41589345,8703186569,11
41744501,5078563599,11
41744455,8703186560,11
42354882,41573841,11
42026999,8703186571,11
42612966,41573932,11
42026995,8703186571,11
42409036,2974049890,11
41835319,41501559,11
1840684698,2714317928,11
3983465565,330683940,11
5080816830,2714317928,11
2263218397,41501559,11
41638544,41573960,11
3101231133,7243234049,11
41662590,2714317928,11
42584100,41573902,11
41535703,41501559,11
41869260,41573841,11
41655000,41494603,11
41638610,8703186569,11
41819056,5078563599,11
5147302861,41573995,11
5031629683,5078563599,10
42652505,41588018,10
41881758,41573941,10
41631107,41573841,10
41593177,41494603,10
321278117,5078563599,10
41736812,41573995,10
2263218384,41501559,10
1617023066,2714317928,10
42022077,41501559,10
3029035887,5078563599,10
41849016,41967419,10
41835312,41501559,10
41819415,8703186560,10
337896521,41573941,10
41535666,41573841,10
42712473,41588018,10
42355141,41573932,10
42689640,41967419,10
3931749472,8703186571,10
42712482,41588018,10
41495392,41573941,10
41812293,41573941,10
41563717,41501559,10
41876919,41494603,10
41546636,330683940,10
42612297,5078563599,10
41670686,41573841,10
42405014,41573932,10
5697454669,2714317928,10
7478185928,7243234049,10
5757681322,41501559,10
41633351,2974049890,10
41783250,41588018,10
41855169,2974049890,10
41495479,41573841,10
42023979,5078563599,10
316505337,41573841,10
41689923,2704829986,10
41495474,41573841,10
42040209,7243234049,10
42645617,41501559,10
42009170,330683969,10
41634950,8703186571,10
42312560,41573949,10
41989616,4084525376,10
1497998206,7243234049,10
9051018262,41501559,10
41650325,41573841,10
42264111,41573841,10
8937701876,8703186571,10
42263991,5078563599,10
41638549,41573941,10
4347900903,7241586275,10
41859619,41967419,10
3299517573,2714317928,10
41859616,41573941,10
41652814,41573841,10
41740813,5078563599,10
41994759,41494603,10
41719616,41573932,10
41631060,41573841,10
42585025,41573841,10
41662984,41573985,10
41641201,8703186569,10
42022121,41494603,10
41592054,7241586275,10
41585526,41494603,10
41683537,7241586275,10
41740818,5078563599,10
41638557,41573941,10
42001732,2714317928,10
42477892,41501559,10
41710758,5078563599,10
41615729,330683940,10
2714317990,41573995,10
41631069,41573841,10
41585530,41494603,10
41710764,5078563599,10
41698525,41573841,10
7113684137,41501559,10
42537653,41573941,10
4347479699,8703186571,10
41641490,41967419,10
41653460,5078563599,10
3574852332,7241586275,10
41495341,41501559,10
41533580,41501559,10
41533540,330683940,10
41585533,41494603,10
41533545,330683940,10
41495358,41501559,10
4347479715,8703186569,10
7256353589,41573841,10
41641498,41573841,10
41638569,5078563599,10
2263218328,41501559,10
41495344,41501559,10
41502726,41573841,10
41495340,41501559,10
41714377,5013837645,10
42018131,2974049890,10
41746539,41573995,10
41695416,41573941,10
42584047,41573902,10
41563692,41501559,10
2263218370,41501559,10
41552992,41573941,10
41641492,41967419,10
41535652,8703186571,10
42264087,41494603,10
41778115,8703186571,10
41654990,41494603,10
3846017372,41573841,10
42354986,41573902,10
5398668051,7243234049,10
41565331,41573995,10
41660284,41573941,10
42515054,2704829996,10
42236537,41967419,10
41691005,41573946,10
41896335,5013837645,10
41501594,41501559,10
41520626,2974049890,10
7755610842,7243234049,10
41632059,41573841,10
41761945,41573880,10
315620556,41573841,10
41775502,41573906,10
41909009,41573841,10
6701033514,330683969,10
41638585,5078563599,10
3712803330,5013837645,10
41494583,41494603,10
41779054,8703186569,10
2941419917,2714317928,10
41995466,330683940,10
41913924,41967419,10
339020077,41573960,10
42203016,5078563599,10
41913929,41967419,10
6453652435,2714317928,10
41655990,41501559,10
41588854,41573841,10
2819230448,41573985,10
41520754,41573941,10
41875702,330683940,10
41190758,41573949,10
41851814,41573949,10
8935086638,41573841,10
42414436,41501559,10
1507966936,7243234049,10
41859643,41588018,10
330683929,41573985,10
41520506,2714317928,10
41654686,41573985,10
41878878,41573985,10
42022271,41573941,10
41851836,41501559,10
41520515,2714317928,10
42388132,41501559,10
41535701,41501559,10
42561810,2974049890,10
41819122,5078563599,10
41759032,41573941,10
41712811,41588018,10
41662598,330683940,10
41520549,2974049890,10
41869290,41967419,10
41520556,2974049890,10
41695219,330683940,10
41941592,41573841,10
41594783,5078563599,10
1698683826,330683940,10
42355069,8703186569,10
41594778,5078563599,10
315898003,41967419,10
41859635,41967419,10
41866482,41501559,10
42490152,41494603,10
6177484311,8703186571,10
41563475,2714317928,10
3101265641,2714317928,10
41954481,41501559,10
42408022,4084525376,10
41494635,41494603,10
41657016,8703186560,10
3931749478,8703186569,10
41894623,41573949,10
42576989,8703186569,10
41657029,8703186569,10
2625359008,330683940,10
41914128,4084525376,10
42355115,41573960,10
317649560,41494603,10
42480293,41573995,10
41657044,8703186569,10
41744452,41573902,10
41584918,41588018,10
42355126,41573941,10
41824974,41573946,10
1499493843,7243234049,10
41670689,41573841,10
5725212539,5013837645,10
5757681326,41501559,10
41495531,8703186571,10
5398668040,7243234049,10
41495523,41494603,10
5398668045,7243234049,10
5064922722,8703186571,10
41495508,41494603,10
42271374,41494603,10
41638612,8703186569,10
41744507,5078563599,10
42354888,41573841,10
41563456,330683940,10
41662587,2714317928,10
41914053,41588018,10
3983483491,330683940,10
255929786,7243234049,10
42396922,41573941,10
41619150,41573941,10
41602747,5013837645,10
41954489,41501559,10
41565985,5078563599,10
41591433,41573949,10
42577079,2974049890,10
41535617,41501559,10
41781040,41573841,10
4321248019,41501559,10
41956629,41573841,9
41884887,41573841,9
42341651,7243234049,9
41662596,330683940,9
41941518,8703186569,9
41859604,41573949,9
41265242,7243234049,9
42580101,41588018,9
316505347,41573841,9
41662611,4084525376,9
316505348,41573841,9
41884894,41573841,9
41638587,41501559,9
8997529570,41494603,9
41997747,2704829986,9
41638583,5078563599,9
315643264,41573841,9
41638598,41501559,9
42530102,41588018,9
41585528,41494603,9
6701033511,330683969,9
6701033513,330683969,9
41925978,5078563599,9
42401012,5078563599,9
2819230452,41573985,9
337701109,2704829986,9
42707188,41588018,9
41494580,41494603,9
41514178,41573841,9
41563455,330683940,9
256518262,2974049890,9
41662609,330683940,9
41957916,41573841,9
41710782,5078563599,9
41859612,41573941,9
41535643,41573941,9
5258562214,2714317928,9
41654988,41494603,9
41672728,41573841,9
3345716296,41573941,9
41763648,41573995,9
41913931,41967419,9
41662628,41573946,9
41520751,41573941,9
3844423470,41494603,9
41914023,41588018,9
41602745,5013837645,9
41565984,5078563599,9
41851754,41573941,9
41851745,8703186571,9
42208446,8703186560,9
320384299,41501559,9
41619149,41573941,9
41954483,41501559,9
41914061,41967419,9
42462378,41588018,9
42577045,2974049890,9
42462355,41588018,9
41914075,41967419,9
2625359013,2714317928,9
2625359006,330683940,9
3844423369,41494603,9
8813118513,330683940,9
41632063,41573841,9
5668932816,7241586275,9
3101265427,2714317928,9
5725212545,5013837645,9
41693613,41573949,9
41520478,41573960,9
42208545,5078563599,9
42266866,41573902,9
42208524,41573902,9
41520512,2714317928,9
41922621,41573985,9
42266869,41501559,9
41819120,5078563599,9
42512663,41573995,9
41535694,41501559,9
41759064,41573941,9
41520559,2974049890,9
41851835,41501559,9
41594776,5078563599,9
41660286,41573941,9
41779104,5078563599,9
41775499,41573906,9
41529740,2714317928,9
41529742,2714317928,9
5165002589,41573995,9
41692986,2704829996,9
41873820,5078563599,9
3101265422,2714317928,9
41533500,41588018,9
41495520,41494603,9
41631093,41573841,9
42273849,41573960,9
42273769,41573949,9
42674885,41573941,9
321006249,5078563599,9
41698518,41573841,9
41652836,41573841,9
2714317980,41573995,9
41514149,41573841,9
41533555,41588018,9
41710756,5078563599,9
7125038251,2714317928,9
41638635,41573841,9
41533561,41501559,9
41710773,5078563599,9
42537658,41573946,9
41662985,41573985,9
41533571,41501559,9
41682177,41573880,9
330699566,7243234049,9
321006077,5078563599,9
41682181,41501559,9
41662613,4084525376,9
41576909,7243234049,9
41593215,41494603,9
42404845,41573841,9
41535649,8703186571,9
41495510,41494603,9
41695415,41573932,9
42480393,2974049890,9
5757681321,41501559,9
41495478,41573841,9
41495476,41573841,9
42578723,2704829996,9
41812289,41573941,9
3940260932,8703186569,9
2065989266,5013837645,9
2065989254,330683940,9
2065989244,330683940,9
41537586,8703186571,9
41855879,5078563599,9
1617023072,2714317928,9
41546640,330683940,9
41835307,41501559,9
8997529547,41573841,9
2263218383,41501559,9
4347900925,7241586275,9
42275093,4084525376,9
41495355,41501559,9
41495347,41501559,9
41746538,41573995,9
41552991,41573941,9
41593700,2704829986,9
41190762,41573949,9
3101231145,7243234049,9
42612839,41501559,9
42466187,330683969,9
5398668049,7243234049,9
2916726375,41573995,9
41657064,41573932,9
41638541,7241586275,9
42264005,41501559,9
41657053,7241586275,9
41638551,41573941,9
41657042,8703186569,9
41638555,41573941,9
3590609564,41573985,9
42596085,41573949,9
41657017,8703186560,9
41657007,330683969,9
316505085,41573841,9
41591431,41573946,9
41641491,41967419,9
42264085,41494603,9
321308199,41573906,9
41641503,41573841,9
41638571,5078563599,9
3983483486,330683940,9
3983483485,4084525376,9
42584043,41573902,9
41655988,41501559,9
321308194,41573906,9
41588853,41573841,9
42203012,5078563599,9
41781034,41573841,9
1497998144,7243234049,9
255936359,7243234049,9
8937701878,8703186571,9
41641195,8703186569,9
41958369,41573906,9
41744464,41573880,9
41592055,41573960,9
41592057,41573960,9
41563669,41967419,9
41859629,41967419,9
42584061,41573902,9
41615732,4084525376,9
41941911,41573841,9
41837723,41573841,9
41837717,41573841,9
42040212,7243234049,9
1501648829,41573985,9
41689920,2704829986,9
4347479700,8703186571,9
42355152,41573941,9
3940114065,8703186569,9
41493626,41573941,9
42355139,41573932,9
8874116806,41588018,9
41797336,8703186571,9
8937701877,8703186571,9
5757680618,41501559,9
41564230,5078563599,9
1497998208,7243234049,9
42312545,41573949,9
8464164201,7241586275,9
3442669477,5078563599,9
41624255,330683940,9
3931743886,8703186571,9
2764948930,7241586275,9
316516027,41967419,9
3983489075,330683940,9
41712808,41588018,9
41662498,41573841,9
42354992,41501559,9
41771136,41573960,9
41967365,41967419,9
1499493860,7243234049,9
41565319,2704829992,9
41869294,41967419,9
2321431315,5013837645,9
42304155,41573841,9
418955519,2714317928,9
42482860,5078563599,9
3983483042,330683940,9
42516886,41573941,9
41563590,41494603,9
5908354635,41501559,9
41493623,41573941,8
41593701,2704829986,8
41634942,41494603,8
42504412,8703186571,8
256933445,7243234049,8
42208520,41573902,8
321307528,41573906,8
42584059,41573902,8
41662543,41588018,8
41750037,41501559,8
41759062,41573941,8
42355130,41573941,8
41602484,5078563599,8
3838780259,8703186571,8
321285008,5078563599,8
2065989260,330683940,8
1497998201,7243234049,8
6888570461,7241586275,8
41535693,41501559,8
3940260937,8703186571,8
42516856,41573944,8
41894325,41967419,8
41736805,41573995,8
6581265420,7243234049,8
6581265421,7243234049,8
41715429,41573932,8
3642926131,2671959143,8
41563527,2714317928,8
8874116802,41588018,8
41715424,41573932,8
41859665,41967419,8
255819874,2714317928,8
41672724,41573841,8
41719629,41573932,8
41641188,8703186569,8
41662505,41573841,8
3844423142,41494603,8
42273767,41573949,8
924665500,2974049890,8
41545887,41494603,8
41698515,41573841,8
41570726,41573985,8
41501042,2704829996,8
42612916,8703186569,8
5822074196,41573985,8
42273739,41573995,8
321307505,41573906,8
41609849,7243234049,8
41957894,41501559,8
42269037,2704829986,8
5046026761,8703186569,8
41715918,8703186560,8
3981260853,41573960,8
41771133,41573960,8
41655413,2704829986,8
41533452,41573841,8
41835304,41501559,8
41941581,41573841,8
41556376,41573906,8
41837713,41573841,8
317701014,330683940,8
317691738,8703186571,8
3940114061,8703186571,8
41819113,5078563599,8
41641120,8703186569,8
41941917,41573841,8
42612265,5078563599,8
8937701889,41494603,8
41552989,41573941,8
1497998165,7243234049,8
5341183656,330683940,8
41750509,41573949,8
42203060,5078563599,8
41602743,5013837645,8
41914043,41588018,8
255929789,7243234049,8
255929788,7243234049,8
41692994,7243234049,8
42577736,8703186571,8
41873814,5078563599,8
41851048,41494603,8
41591428,41573946,8
4084510562,7241586275,8
3983483490,330683940,8
3844423445,41494603,8
2625359015,2714317928,8
3983483499,330683940,8
3846000121,8703186571,8
316880683,330683940,8
41602742,41573995,8
41914035,41588018,8
6154857994,41573941,8
41894348,41967419,8
41692979,2704829996,8
42271648,41573841,8
41763644,41573995,8
41779048,41573880,8
316870186,330683940,8
41533490,41588018,8
41662529,41494603,8
42294292,41573960,8
42523201,41619683,8
41602569,5078563599,8
41852597,7241586266,8
41778986,330683969,8
41851758,41573941,8
41564218,5078563599,8
42202990,5078563599,8
41619152,41573949,8
41655984,41501559,8
41563740,41573841,8
41594772,5078563599,8
41657062,41573932,8
41594766,5078563599,8
41825021,2704829986,8
42376003,41501559,8
41957806,41573949,8
3345713591,2974049890,8
41495514,41494603,8
41657107,41573960,8
41655983,41501559,8
41657109,41573949,8
3983456208,330683940,8
256516924,41573932,8
42293762,2974049890,8
41693610,41573949,8
41495477,41573841,8
3983483055,330683940,8
41533501,41588018,8
41657060,41573932,8
41657058,41573941,8
41851731,41573841,8
41954460,41501559,8
3414176394,5078563599,8
41657005,330683969,8
41501591,41501559,8
41851743,8703186571,8
41609841,2704829992,8
42376031,41501559,8
2625359004,330683940,8
42453389,2704829986,8
41851734,41573960,8
1617022813,2714317928,8
41779106,5078563599,8
41825453,41573841,8
41657050,7241586275,8
41594765,5078563599,8
41958367,41573906,8
4790498216,7243234049,8
41604294,330683940,8
42018126,2974049890,8
41501039,7243234049,8
42038742,41573946,8
41653552,4084525376,8
41683484,4084525376,8
8464164195,7241586275,8
41710779,5078563599,8
41682174,41573880,8
41773574,7243234049,8
41662584,2714317928,8
42401008,5078563599,8
41957919,41573841,8
5757680620,41501559,8
41710777,5078563599,8
3983463708,330683940,8
41533597,41573949,8
41259725,2974049890,8
330699455,7243234049,8
320047922,41501559,8
41638589,41501559,8
41710775,5078563599,8
41706795,41967419,8
6796044029,2704829986,8
41624851,2704829986,8
42272893,41573995,8
6796044030,2704829986,8
41941529,8703186569,8
41533590,41573949,8
3940243190,8703186569,8
41265232,7243234049,8
2860653270,41573995,8
3590609565,41573985,8
41744483,41573932,8
41683531,41573960,8
41770222,5078563599,8
41683546,41573960,8
42612830,41573841,8
41638553,41573941,8
41654984,41494603,8
41662601,330683940,8
41744492,41573932,8
42254483,330683969,8
41956635,41573841,8
41638574,5078563599,8
42280531,41573841,8
41639379,41501559,8
41631089,41573841,8
368051698,41494603,8
41926013,5078563599,8
41638532,41573985,8
41631106,41573841,8
321308121,41501559,8
41638616,41494603,8
41638596,41501559,8
339020701,41573960,8
41563439,41967419,8
41649435,2704829996,8
41714336,5013837645,8
2714317966,41573995,8
7125038250,2714317928,8
6701033509,330683969,8
41730251,41573949,8
8019704799,2714317928,8
3756578325,41573985,8
41662631,41573941,8
41592067,4084525376,8
41724478,41573932,8
41190767,41573949,8
41883108,4084525376,8
42612905,41573841,8
41638633,41573841,8
41592059,41573960,8
41503372,41494603,8
41514129,41573841,8
41563667,41967419,8
41563500,2714317928,8
321308004,41501559,8
41662620,41573949,8
41609233,41573880,8
8022891687,2714317928,8
41638581,5078563599,8
339020729,41573960,8
42537625,41573946,8
41190777,41573949,8
41565316,2704829992,8
330683931,41573985,7
42341636,7243234049,7
41674659,41573906,7
41662530,41494603,7
42202987,5078563599,7
41779152,41573932,7
41545885,41494603,7
255929937,7243234049,7
42612788,41494603,7
41651398,41494603,7
41609206,8703186571,7
42397831,41573932,7
41778983,330683969,7
41639377,41501559,7
41662602,330683940,7
6315724387,41573985,7
41588840,41588018,7
5078563652,5078563599,7
41714339,41573995,7
42397848,41573949,7
41941862,41573841,7
320088326,8703186560,7
41602740,41573995,7
42210515,41619683,7
41770224,5078563599,7
42408030,41573960,7
2625359016,2714317928,7
42355032,41501559,7
41563515,2714317928,7
41770221,5078563599,7
41744531,41573841,7
41674280,41619683,7
41619153,41573949,7
41695411,41573932,7
41679964,5078563599,7
41656987,5078563599,7
42441954,2704829986,7
41638577,5078563599,7
41564211,5078563599,7
41744490,41573932,7
42208437,41573880,7
42304226,41573946,7
41683555,41573960,7
337882496,41573932,7
3983483484,330683940,7
42304230,41573944,7
3627834399,41573960,7
41941394,2974049890,7
41563951,41501559,7
3458370354,41573960,7
41533587,41573949,7
41563972,7241586275,7
41914039,41588018,7
3983463704,330683940,7
41662626,41573946,7
339016266,41573960,7
42272887,2704829986,7
5046017342,8703186571,7
41533484,41588018,7
41715921,8703186560,7
321307546,41501559,7
41851053,41573902,7
41779453,2704829992,7
316870046,330683940,7
3846000112,8703186571,7
321307502,41573906,7
42208517,41573902,7
41819146,2974049890,7
339016278,41573960,7
41501589,41501559,7
3248854377,330683969,7
8269005072,5013837645,7
41638591,41501559,7
41695238,41573906,7
3841309921,41573941,7
337829641,330683969,7
41873787,41573902,7
41501538,41501559,7
41779110,5078563599,7
41586093,41573985,7
42452861,2704829996,7
41594763,5078563599,7
330683977,330683969,7
4084529110,7241586275,7
41594768,5078563599,7
41779145,41573941,7
41565310,2704829992,7
41819131,41565873,7
321307525,41573906,7
41559664,2704829996,7
41660261,41573941,7
41779081,8703186571,7
3641052711,4084525376,7
42304420,41501559,7
41638594,41501559,7
41763640,41573995,7
3983483050,330683940,7
41529805,5013837645,7
3983456162,4084525376,7
2595385071,2704829992,7
5013670097,2704829996,7
3983463705,330683940,7
41662527,8703186571,7
3983463711,4084525376,7
3983463712,4084525376,7
42341667,5013837645,7
41885426,2704830002,7
41563444,41967419,7
41632201,41573944,7
41190773,41573949,7
42577732,8703186571,7
42218947,41573841,7
41653554,4084525376,7
41650315,41573841,7
317675675,41494603,7
41632198,41573941,7
41602557,5078563599,7
41660257,41573941,7
321307521,41501559,7
41657000,330683969,7
41632197,41573941,7
2714317965,41573995,7
42703713,2974049890,7
317690041,41494603,7
1617023089,2714317928,7
41652363,2974049890,7
6581265418,7243234049,7
330699563,7243234049,7
41638623,41573841,7
41961184,4084525376,7
3981260854,41573960,7
41773582,7243234049,7
3641512632,2671959143,7
5371259411,41573941,7
41682171,41573880,7
41582913,7241586266,7
41706799,41967419,7
41957870,41573995,7
41632068,41573841,7
41825456,41573841,7
41670660,41573841,7
41744467,41573880,7
41773569,2704829996,7
41825460,41573841,7
41638618,41494603,7
41662622,41573949,7
41750492,41573949,7
41750496,41573949,7
41638619,41494603,7
41750516,41573949,7
1497998154,7243234049,7
41750519,41573949,7
41620277,41494603,7
42208393,41501559,7
3414176593,5078563599,7
42304211,41573946,7
3838780260,8703186571,7
41706852,41573841,7
41604295,330683940,7
3641512633,41573985,7
7181865656,41190841,7
2626664037,41573995,7
8019704786,2714317928,7
5200239393,41573906,7
41662650,2974049890,7
41641182,8703186569,7
3844423145,41494603,7
41630200,2714317928,7
41641210,8703186569,7
41719628,41573932,7
41617046,41501559,7
41719577,41573932,7
41786107,4084525376,7
2714317934,41573995,7
41698511,41573841,7
2714317975,2714317928,7
2714317944,41573995,7
41609857,7243234049,7
41592044,4084525376,7
41592073,4084525376,7
41662624,41573949,7
4084510567,7241586275,7
8937701884,41494603,7
41624849,2704829986,7
41698546,41573841,7
41638631,41573841,7
42537648,41573941,7
41770171,5078563599,7
5200239394,41573906,7
41837710,41573841,7
3940122116,8703186569,7
1499493451,7243234049,7
41563665,41967419,7
41592075,4084525376,7
41641118,8703186569,7
41730173,41573949,7
41724475,41573932,7
41779447,2704829986,7
41779434,2704829986,7
41619157,41573949,7
41633341,2974049890,7
41657049,7241586275,7
41954421,41501559,7
41638534,41573985,7
42489565,41967419,7
41657025,41501559,7
41624258,330683940,7
41770195,330683969,7
41683527,41573960,7
41657054,41573960,7
42489548,41967419,7
42441946,2704829992,7
3844423368,41494603,7
42012524,41573985,7
41500385,41573995,7
5341183662,7241586266,7
41812285,41573941,7
42304215,41573946,7
8084775623,7241586275,7
41649434,2704829996,7
42284677,8703186569,7
41519658,41573960,7
41655982,41501559,7
2625359002,330683940,7
8084775628,7241586275,7
5333560369,330683940,7
3345713588,2974049890,7
41593150,8703186571,7
41593146,41494603,7
41606188,5078563599,7
41500387,5013837645,7
42375999,41501559,7
41319297,2974049890,7
41662509,41573841,7
42040330,7243234049,7
7265060651,5078563599,7
41657111,41573941,7
2625358994,330683940,7
41689915,2704829986,7
3940243181,8703186571,7
41638531,41573985,7
41657106,41573960,7
3940243176,8703186569,7
41689917,2704829986,7
41631081,41573841,7
3530910860,5013837645,7
41853699,41494603,7
41650357,41573841,7
339016275,41573960,6
41763493,41573985,6
41662653,41573906,6
5671451785,2974049890,6
41662532,41494603,6
41565974,5078563599,6
1370325192,2704830002,6
6283476043,2714317928,6
41500384,41573995,6
42692945,41967419,6
3983422067,41573949,6
41662648,2974049890,6
2714317953,41573995,6
339016263,41190841,6
41564200,2974049890,6
42269030,2704829986,6
41662531,41494603,6
5894059167,41494603,6
41941399,41573906,6
41679959,5078563599,6
41713148,41967419,6
41779149,41573932,6
41582923,4084525376,6
41941495,41573880,6
41957890,41501559,6
41714369,5013837645,6
3844423397,41494603,6
41632171,41573944,6
41662647,2974049890,6
4084527689,7241586275,6
2714317987,2714317928,6
6283476302,2714317928,6
41529813,41573995,6
2714285062,2704829986,6
41662520,41573841,6
8269005069,5013837645,6
4321248025,41501559,6
41647704,8703186569,6
41957839,8703186569,6
41662581,2714317928,6
5341183669,7241586266,6
41941481,41573880,6
41533468,41588018,6
3841311104,41573946,6
41779444,2704829986,6
41599582,41190841,6
42595046,2974049890,6
41941433,41573902,6
41565856,2974049890,6
41533524,2974049890,6
41565859,41565873,6
2139420573,41573841,6
41779078,8703186571,6
5078563608,5078563599,6
41529793,5013837645,6
5341183677,330683940,6
3101178332,7243234049,6
339016280,41190841,6
41873789,41573902,6
41582925,4084525376,6
41941869,41573841,6
41563950,41501559,6
41563662,41967419,6
41695410,41573932,6
41779138,41573941,6
41565303,2704829996,6
41563976,41573941,6
41564004,41573932,6
41941550,8703186571,6
3940122129,8703186571,6
3983409546,41573946,6
2714318003,2714317928,6
8874310161,8703186571,6
41877036,41494603,6
41941426,41573906,6
41662559,41588018,6
42304265,41573932,6
41778978,330683969,6
3841311106,41573946,6
42208586,41573960,6
41779203,41573841,6
41851727,41573985,6
41851112,41573841,6
41851124,41573841,6
317692460,41494603,6
41638528,41573985,6
41698505,41573841,6
41654981,41494603,6
41786106,4084525376,6
41786110,4084525376,6
5200239384,41573906,6
3983383334,41573946,6
42354932,41573841,6
330683932,2671959143,6
41715927,8703186560,6
41501904,41573946,6
2915600598,41619683,6
41819109,5078563599,6
41819134,41565873,6
41606152,41494603,6
41819144,2974049890,6
41606168,5078563599,6
41606169,8703186560,6
3627834400,41573960,6
41851102,330683969,6
41851083,5078563599,6
41851056,41573902,6
41851024,41573893,6
330683976,330683969,6
41588313,2704830002,6
5261052497,5013837645,6
42304472,41573995,6
8703186592,8703186569,6
339039929,4084525376,6
3940243173,8703186569,6
42462389,41588018,6
41519655,41573960,6
41683493,4084525376,6
41954428,41501559,6
41780229,41573932,6
6326372889,41573917,6
41719572,41573932,6
42424111,41619683,6
41298988,41565873,6
41719623,41573932,6
42413078,2974049890,6
3458373531,330683969,6
41670666,41573841,6
41670667,41573841,6
41606208,330683969,6
41966670,330683969,6
3642940510,2714317928,6
41625892,41619683,6
41625886,2704830002,6
41625884,7243234049,6
41624261,330683940,6
8084775629,7241586275,6
41657055,41573960,6
41853704,8703186560,6
1497998148,7243234049,6
42263432,41565873,6
5147338954,41573995,6
41837707,41573841,6
41641179,8703186569,6
41617047,41501559,6
41494627,41494603,6
41641209,8703186569,6
41674278,2704830006,6
321308193,41501559,6
321308190,41501559,6
3983386198,41573932,6
3983386203,41573932,6
41609200,8703186571,6
41190824,41573949,6
41656855,41494603,6
9164212030,2714317928,6
41606256,41573902,6
41591202,41573841,6
5333539971,330683940,6
41770169,5078563599,6
41545882,41494603,6
41770192,330683969,6
41740866,2974049890,6
41639373,41501559,6
41639375,41501559,6
321297975,2974049890,6
41682168,41573880,6
2910210039,7243234049,6
41773566,2704829996,6
316546732,41573841,6
41773551,7243234049,6
41593157,8703186571,6
41655981,41501559,6
41852605,4084525376,6
41672747,41573841,6
41771154,41573949,6
41830283,330683940,6
41640299,5078563599,6
41593148,41494603,6
1496913456,7243234049,6
41654663,41573985,6
6177484309,8703186571,6
2595385067,2704829992,6
42208386,41501559,6
41594761,5078563599,6
41652364,41573908,6
41849055,41573841,6
5100196098,8703186571,6
4084510561,7241586275,6
41552984,41573941,6
41660260,41573941,6
41660258,41573932,6
41538194,41573906,6
7181865655,41190841,6
41620280,41494603,6
41620278,41494603,6
41915337,2671959143,6
339039410,41573941,6
42208388,41501559,6
41501587,41501559,6
2625358988,330683940,6
41553434,41573906,6
42208582,7241586275,6
42208612,41573949,6
42208619,41573941,6
42208560,5078563599,6
41586094,41573985,6
41602555,5078563599,6
6315724401,41573985,6
41750486,41573949,6
41602739,41573995,6
41701100,41619683,6
41988090,2704829992,6
41701108,41619683,6
339038076,41573946,6
41832358,41565873,6
41604297,330683940,6
41668921,2704829986,6
3248854378,330683969,6
3940238243,8703186571,6
3983463698,4084525376,6
41883110,4084525376,6
41653456,2974049890,6
3458370356,4084525376,6
3458370355,41573960,6
41587981,41573941,6
41593714,2704829986,6
42577631,8703186571,6
42341619,7243234049,6
41591199,41573841,5
2488372369,41573995,5
2910210025,7243234049,5
3841311130,41573949,5
41683524,41573960,5
41771126,41573960,5
1554210942,41573960,5
41565862,41565873,5
41830285,330683940,5
41640300,5078563599,5
41640289,41565873,5
41662524,41573841,5
41750484,41573949,5
3983456179,4084525376,5
317445418,330683969,5
3458373537,330683969,5
3983409553,41573941,5
41976171,2704829986,5
41639372,41501559,5
41877031,41573845,5
41632096,41588018,5
41662561,41588018,5
6326459952,2974049890,5
41717975,41190841,5
42270223,7243234049,5
41849042,41967419,5
41565855,2974049890,5
3841311092,41573944,5
41647702,8703186569,5
3841311101,41573946,5
41506544,41573941,5
41746580,41573995,5
5721658646,5078563599,5
42485577,41573985,5
41655980,41501559,5
2626242375,2714317928,5
2626242376,2714317928,5
41573831,41573841,5
41766443,41619683,5
2941419364,2974049890,5
41553438,41573906,5
41801174,2704830002,5
41588311,2704830002,5
41563660,41967419,5
4825953797,2704830002,5
330683974,330683969,5
42208565,5078563599,5
330683964,330683940,5
41883112,4084525376,5
41563605,2974049890,5
41599580,41190841,5
42517119,2704829992,5
330683946,330683940,5
41190826,41573949,5
42208597,41573960,5
3523602073,5013837645,5
4157105958,2704829996,5
41588335,41588026,5
41837698,41573841,5
41961180,4084525376,5
41500382,41573995,5
41832353,41573917,5
41656825,41494603,5
41656838,41494603,5
41832318,4084525376,5
41564001,41573932,5
41563977,41573941,5
6326474392,41573917,5
3730312991,41573932,5
41679954,2974049890,5
41713448,41573941,5
42284689,8703186569,5
3872996560,4084525376,5
41968333,8703186560,5
41730258,41190841,5
41853685,41573841,5
2625359021,2714317928,5
316007232,41573995,5
41621113,41619683,5
41877021,41494603,5
41533528,2974049890,5
41770258,41573949,5
41671358,41573906,5
42211753,2974049890,5
2892569051,41573932,5
2892569079,41573932,5
42254473,330683969,5
41941546,8703186571,5
41638521,5013837645,5
5176314770,5013837645,5
41671356,41573906,5
42210521,41619683,5
41582927,4084525376,5
41654979,41494603,5
42286456,5013837645,5
8874310159,8703186571,5
8874310158,8703186571,5
41800506,41565873,5
41587941,41573941,5
41719622,41573932,5
5200239386,41573906,5
339016261,41190841,5
41941572,41573841,5
41654668,41573985,5
41654666,41573985,5
41653455,2974049890,5
41670669,41573841,5
41605233,2714317928,5
6283476303,2714317928,5
5078563605,5078563599,5
41851026,41573893,5
41604298,330683940,5
41851059,41573902,5
41851079,5078563599,5
8269005064,5013837645,5
41851100,330683969,5
41847667,41573946,5
6901814459,41619683,5
41851121,41573841,5
41752392,7241586266,5
339016282,41190841,5
42038708,41573946,5
41620279,41494603,5
41941490,41573880,5
3101178343,2714317928,5
41668922,2704829986,5
41668919,2704829986,5
41668918,2704829986,5
41606244,5078563599,5
3940122122,8703186571,5
41606257,41573902,5
41826505,2704829992,5
41582921,4084525376,5
41662655,41573906,5
41606274,4084525376,5
3940122133,8703186571,5
5333539972,330683940,5
41632074,41573841,5
41770152,41501559,5
41770158,41573880,5
3940122130,8703186569,5
41770176,41573899,5
41695385,41573932,5
330683934,2671959143,5
41668929,2704829986,5
41941469,41501559,5
41606170,8703186560,5
330699470,7243234049,5
3458370357,4084525376,5
41941441,41573899,5
41715933,8703186560,5
41941412,41573906,5
315719112,41573841,5
8121993432,5078563599,5
4084510568,7241586275,5
41819136,41565873,5
41606148,8703186571,5
41812277,41573941,5
41570712,41573985,5
41606154,41494603,5
42040306,7243234049,5
41606156,41494603,5
41606167,5078563599,5
368049136,41573845,5
42208591,41573960,5
42397869,41494603,5
41501539,41501559,5
41708485,41573902,5
41625893,41619683,5
5894059166,41494603,5
41625888,2704830002,5
41660291,41573941,5
41954411,41501559,5
41780227,41573932,5
41660292,41573941,5
41763889,41501559,5
42480284,2704829992,5
41298987,41565873,5
41594759,5078563599,5
3983274697,7241586275,5
42413075,2974049890,5
42284301,41573880,5
41625883,7243234049,5
41609836,2704829992,5
2714317964,41573995,5
42304195,41573960,5
41464957,41573932,5
41775485,41573906,5
4084526282,7241586275,5
5894059169,41494603,5
3983421262,41573941,5
42544807,41588026,5
41682164,41573880,5
41593712,2704829986,5
2714318017,2714317928,5
320088385,8703186560,5
2595401347,2704829988,5
3940238241,8703186569,5
41740868,2974049890,5
41496408,41501559,5
3983422059,41573946,5
41740875,41573908,5
41873801,41501559,5
41714366,5013837645,5
42304253,41573941,5
42304413,41501559,5
42304353,41494603,5
41873795,41573902,5
41625891,2704830006,5
41494761,2704829992,5
42544819,41588026,5
4347900912,7241586275,5
41545877,41494603,5
2714285070,2704829986,5
41609198,8703186571,5
41546648,7241586266,5
41514028,41573893,5
42266887,41573899,5
3983295350,41573944,5
41698169,41573995,5
42430595,41967419,5
42266917,41573899,5
41501902,41573946,5
42304368,2974049890,5
6796044193,2704829996,5
41501582,41501559,5
41770153,41501559,4
1370325190,2704829996,4
41719302,41573941,4
339039760,41573960,4
41650336,41573841,4
41621115,41619683,4
330683937,2671959143,4
339017924,41573941,4
330683945,330683940,4
41671362,41573906,4
41654681,41573985,4
41770178,41573899,4
41740876,41573908,4
41632076,41573841,4
41695387,41573932,4
1387060412,2704829996,4
41855569,41573902,4
330683972,330683969,4
41770234,41573941,4
41588333,41588026,4
41610751,2704830002,4
41654679,41573985,4
1387060396,2704829988,4
41851062,41573899,4
2595401290,2704829994,4
41883123,7241586275,4
3872996559,4084525376,4
317677160,8703186571,4
6326459970,2974049890,4
41638513,41573995,4
41855526,8703186560,4
41976169,2704829986,4
41941543,8703186571,4
41501025,2704829992,4
339016259,41190841,4
41587976,41573941,4
41593710,2704829986,4
41531492,42260149,4
41662564,42260149,4
5721658643,5078563599,4
2595401343,2704829986,4
5721658656,41573917,4
4346605161,5013837645,4
337827148,41573974,4
41746582,41573995,4
41724482,41573932,4
41850211,8703186564,4
41573833,41573841,4
41638526,41573985,4
3940238250,8703186569,4
41801133,2704830002,4
339039677,41190841,4
41801171,2704830002,4
41708414,41573841,4
41606291,41573949,4
41606287,41190841,4
41855880,2974049890,4
41606157,41494603,4
41752397,7241586266,4
41606196,41494603,4
41606192,8703186560,4
9143759910,330683940,4
255820882,255820887,4
41609834,2704829992,4
41855596,8703186560,4
41514026,41573893,4
41606166,5078563599,4
41941893,41573841,4
41634215,2704829986,4
41941838,41573946,4
5200239624,330683940,4
41941464,41501559,4
41662641,2974049890,4
41708441,5078563599,4
5078563644,5078563599,4
2714317958,41573995,4
2714317956,2714317928,4
41606147,8703186571,4
5201685457,2974049890,4
41708456,41573899,4
1799680779,41573985,4
41708486,41573902,4
8121993448,2974049890,4
41851032,41573880,4
41851037,41573841,4
41819106,5078563599,4
5200239402,5078563599,4
41855884,41573908,4
41606207,330683969,4
41752826,2704829992,4
4347900931,4084525376,4
41941371,2974049890,4
41956514,41588026,4
6581270715,2704829996,4
4084526285,7241586275,4
41606285,41573960,4
41683522,41573960,4
41683499,4084525376,4
339016283,41190841,4
339016284,41573955,4
41506543,41573941,4
41851150,41573949,4
41851138,41573960,4
41582920,4084525376,4
5894059164,41573845,4
4347900936,7241586275,4
42489592,41967419,4
41851135,41573941,4
41786116,4084525376,4
41582918,4084525376,4
2714285066,7243234049,4
41587942,41573941,4
41695439,41573932,4
42669841,41967419,4
41606250,41501559,4
41894956,41573906,4
2714285067,2704829986,4
42211740,2974049890,4
41682161,41573880,4
41736797,41573995,4
42273786,41967419,4
41961203,41573941,4
3940122121,8703186569,4
41660267,41573941,4
41873793,41573902,4
41494760,2704829992,4
2626242368,2714317928,4
339037274,41573944,4
339038064,41573946,4
41832296,41573944,4
41873802,41501559,4
42273859,41573955,4
41701110,41619683,4
42266919,41573899,4
41501575,41501559,4
3642659431,41573938,4
41640291,41565873,4
42580139,41573941,4
42304401,41573906,4
255820323,7243234049,4
321004812,41573906,4
41592077,4084525376,4
41496409,41501559,4
41830286,330683940,4
2625359028,2714317928,4
41656824,41494603,4
41961215,41573932,4
41625894,41619683,4
3940122124,8703186571,4
41625880,7243234049,4
41750478,41573960,4
317689870,41588018,4
41750553,41573960,4
7290633837,41573949,4
41853706,330683969,4
41714362,5013837645,4
41632218,41573941,4
41652367,41573908,4
41501541,41501559,4
41594808,5078563599,4
41594758,5078563599,4
41832337,7241586266,4
41565865,41565873,4
41877025,41573845,4
41625889,2704830002,4
41656852,41494603,4
41775480,41573906,4
41913461,2704830006,4
41877020,41573845,4
42008072,41573880,4
41656832,41494603,4
3940122125,8703186571,4
3844423453,41494603,4
41594803,41565873,4
41800495,41573850,4
6283476296,2714317928,4
41873828,41573941,4
6901814452,41619683,4
41672719,41573841,4
41847674,41573946,4
41651664,41573911,4
2129498949,2714317928,4
2595385125,2704829986,4
41873838,41573949,4
2910210014,7243234049,4
41765713,41573985,4
2714318022,2714317928,4
41710788,2974049890,4
41710791,41573917,4
42208649,41573932,4
41852615,2974049890,4
41655979,41501559,4
41956543,41588026,4
3983409544,41573941,4
6283476293,2714317928,4
41655977,41573899,4
41655971,41573899,4
41922788,41573906,4
320088006,8703186560,4
4107204026,2488372372,4
41553443,41573904,4
41563619,2974049890,4
4084525374,4084525376,4
42442856,8703186569,4
41915327,41573985,4
42545192,41573845,4
1554210927,41573960,4
41553460,41573904,4
41494621,41494603,4
6496439509,4084525376,4
42266899,41573899,4
2822050828,5013837645,4
5414658105,41573980,4
2129498956,7243234049,4
318033603,5013837645,3
41941840,41573944,3
4104818043,2488372372,3
42211746,2974049890,3
41832343,4084525376,3
255820912,255820887,3
41855885,41573908,3
41594804,41565873,3
41634214,2704829986,3
339016258,41190841,3
41750475,41573960,3
41588849,41573845,3
42430569,41967419,3
3844423468,41494603,3
41708464,41573974,3
6496439526,7241586275,3
4104818046,255820887,3
41651662,41573911,3
41988080,2704829992,3
41832310,41573960,3
42711793,41573906,3
339016285,41190841,3
41851064,41573899,3
41851071,41501559,3
41883933,2704829986,3
41501573,41501559,3
41654678,2671959143,3
42351391,41573980,3
41708446,41573899,3
42315728,41573880,3
42241926,41190841,3
6496439524,4084525376,3
41565867,41565873,3
41708443,41573902,3
41553447,41573904,3
3844423414,41632088,3
41565960,5078563599,3
6283476285,2714317928,3
41529691,41573995,3
41565307,2704829996,3
42304435,41573906,3
41873822,41573941,3
2595401289,2704829994,3
337827302,41573974,3
316128443,2714317928,3
41719300,41573941,3
41915323,41573985,3
330683944,330683940,3
3841332777,41573949,3
41730183,41573946,3
6316200683,2704829986,3
42584997,41573841,3
41610755,2704830006,3
41873809,41573932,3
330683965,330683940,3
41801137,2704830002,3
41850218,8703186560,3
41850212,8703186564,3
41593706,2704829986,3
7255915829,8703186571,3
7255915828,8703186569,3
41866473,41501559,3
42544827,41650341,3
41866475,41501559,3
41765709,41573985,3
41587967,41573941,3
41695393,41573935,3
41587975,41573941,3
41730187,41573946,3
2595401345,2704829986,3
41593708,2704829986,3
3844386578,41573908,3
41873833,41573960,3
41800337,41573932,3
41643872,2704829988,3
41501544,41501559,3
41800330,41573941,3
41587943,41573941,3
6326372890,41573917,3
41942000,8703186565,3
41873782,41573880,3
41594756,5078563599,3
41652368,41573908,3
41719606,41573932,3
41647706,8703186569,3
41647710,8703186564,3
41752399,7241586266,3
3458373529,41573974,3
41775457,41573906,3
255820883,255820887,3
1799680775,41573985,3
335589267,330683940,3
41942014,7241586266,3
41877015,41573845,3
41683500,4084525376,3
41588329,41588026,3
330683971,330683969,3
4084510563,7241586275,3
41800245,41573980,3
41844200,41573906,3
6283476083,2714317928,3
41610753,2704830002,3
41621117,41619683,3
4084510569,4084525376,3
330689965,2671959143,3
42304443,41573904,3
42304451,41573899,3
3367301498,5013837645,3
3940122117,8703186571,3
41894899,41619683,3
3940243194,8703186569,3
41540810,4084525376,3
41531494,42260149,3
41632176,41573944,3
6326459954,2974049890,3
41606201,41573841,3
255821382,2488372372,3
41606199,41573845,3
41606183,330683969,3
41682157,41573880,3
41551781,41573906,3
41771158,41190841,3
41535035,2704829996,3
41855591,41573955,3
41606165,5078563599,3
41606163,41494603,3
41606303,41573941,3
41606161,41494603,3
255821353,7243234049,3
41639399,41573899,3
2714317962,2714317928,3
3931760732,41588018,3
41812274,41573941,3
41706705,2704829988,3
41606145,8703186571,3
41855504,41573897,3
41695390,41573932,3
41819436,41573876,3
41710793,41573917,3
5894059165,41573845,3
5894059160,41573845,3
41641214,8703186565,3
41606280,41573960,3
42580155,41573938,3
41655969,41573899,3
6581270716,2704829996,3
41855570,41573902,3
41852624,41573906,3
41623163,2704829988,3
41852657,41501559,3
3931760736,42260149,3
2714318023,2714317928,3
2910210005,7243234049,3
41606292,41573949,3
41625877,7243234049,3
41672720,41573841,3
41606260,41573893,3
2910210004,7243234049,3
41968346,8703186564,3
6326459974,2974049890,3
41606252,41573893,3
41606246,41501559,3
41606294,41573949,3
41222556,2974049890,3
8122988905,41573995,3
41639388,41573899,3
42006223,8703186569,3
41655011,41494603,3
2626242358,2714317928,3
41770188,41573932,3
41655007,41573850,3
41708370,8703186560,3
41671363,41573906,3
41330885,41573841,3
3249162286,41573902,3
41501023,2704829992,3
41190837,41190841,3
41632094,41588018,3
41957908,41573899,3
41190834,41573949,3
41494596,41494603,3
41770204,41573949,3
41650311,41588026,3
41715037,41573985,3
41708390,8703186564,3
41650313,41588026,3
41714341,5013837645,3
41632217,41573941,3
41638511,41573995,3
42006359,41573845,3
41632214,41573941,3
41625890,2704830002,3
6796044124,2704830006,3
41819502,8703186560,3
41606283,41573960,3
41884875,41573841,3
41812263,41573941,3
8693262912,41588018,3
41819103,5078563599,3
41740878,41573908,3
1387060420,2704829986,3
42203036,2974049890,3
5650675608,41573974,3
42006420,8703186560,3
41708347,41573955,3
41708360,41573935,3
41573836,41573841,3
8693262913,41588018,3
5200239401,5078563599,3
1387060424,2704829994,3
42006202,41573946,3
5690416580,8703186571,3
4084525371,4084525376,3
2714285065,7243234049,3
6326459969,2974049890,2
338058726,7241586275,2
41573837,41573841,2
41855512,8703186560,2
41819499,8703186560,2
41639386,41573899,2
3983385588,41573941,2
41781027,315890652,2
41501021,2704829992,2
41682116,41573880,2
41587944,41573941,2
2595401344,2704829986,2
41587949,41573935,2
41623161,2704829988,2
42343956,41573876,2
41587968,41573941,2
41682153,41573880,2
41565870,41565873,2
5338062390,2714317928,2
41801142,2704830002,2
41538909,2488372372,2
41632178,41573944,2
41714356,5013837645,2
2978013673,5013837645,2
41825502,41573899,2
2916289595,255820887,2
41894369,41967419,2
42006186,41190841,2
5013817163,41573995,2
3842113119,5078563599,2
339038525,41573952,2
41825514,41573884,2
8937701837,41573854,2
3940122118,8703186571,2
7265060666,41501559,2
41529697,41573995,2
41655967,41573897,2
2626242355,2714317928,2
3940122126,8703186571,2
2704838935,2704838939,2
42006226,8703186569,2
41877009,41573845,2
42006248,41573897,2
41825546,41573908,2
339038405,41573949,2
41594753,5078563599,2
42006306,41573902,2
41656843,41573850,2
41825499,41573904,2
42213775,2704829986,2
41918841,41573884,2
4084510566,4084525376,2
321299333,41573908,2
41625873,7243234049,2
41459438,2704829974,2
7859908350,2704829986,2
8121950188,8121993421,2
41956552,41650341,2
317654988,2671959143,2
41968342,8703186564,2
41825554,41573906,2
41643826,2704829988,2
41775452,41573906,2
41643829,2704829988,2
41643830,2704829994,2
41825483,41573960,2
41771160,41190841,2
41662439,41573911,2
2714318030,41573995,2
4084525373,4084525376,2
42354568,2704830002,2
2698387791,41565873,2
2714318034,2714317928,2
5078562466,5078563599,2
41750541,41573955,2
6177484310,41573854,2
41565308,2704829996,2
41883117,4084525376,2
41553450,41573904,2
41494615,41494603,2
6496439522,4084525376,2
7241600524,255820887,2
8122988904,2704829953,2
255822028,2488372372,2
42304379,2974049890,2
42269012,2704829986,2
3931760728,42260149,2
42280506,41650341,2
41588847,41573845,2
2714317963,2714317928,2
316872729,41573980,2
5650675862,330683969,2
41535037,2704829996,2
41501567,41501559,2
41855585,41573893,2
41606203,41573841,2
41855576,41573841,2
41819434,41573876,2
5280009872,41573980,2
41719592,41573932,2
4716102663,41573982,2
41855572,41573902,2
41724500,41573932,2
41548521,41573974,2
41941361,41573917,2
7243233994,2704829986,2
8891256281,41588018,2
4346575414,330683940,2
41978196,41573946,2
255821209,2488372372,2
5636553279,2704829988,2
339016256,41190841,2
41593704,2704829986,2
3845976983,41588018,2
6294832281,2704830006,2
41494598,41494603,2
42208491,41573985,2
41978213,41573946,2
2714285063,7243234049,2
339016286,41190841,2
41190839,41190841,2
41655026,41573850,2
41655032,41494603,2
41651666,41573906,2
41708363,41573935,2
41835342,41501559,2
41812265,41573941,2
41708448,41573899,2
41812270,41573941,2
41757435,2704829986,2
41606262,41573880,2
41825433,41573946,2
41617197,4084525376,2
330683938,330691322,2
41610757,2704830006,2
337822444,5013837645,2
41606293,41573949,2
42260108,41588026,2
41621118,41619683,2
41606295,41573941,2
41695401,41573935,2
41619159,41573949,2
41588323,41588026,2
41641174,8703186565,2
3841332778,41573949,2
42580148,41573938,2
41641168,8703186565,2
1387060428,2704829994,2
41606304,41573932,2
3844423373,41632088,2
5894059163,41573845,2
41942136,41573906,2
330683970,330683969,2
41641142,8703186564,2
41617200,7241586266,2
42304440,41573904,2
41855562,41573974,2
41942095,41573899,2
41494651,41573911,2
41653784,41573893,2
41606266,41573880,2
5977338508,255820887,2
330689685,2671959143,2
41825436,41573944,2
41855554,41573841,2
41499650,41573949,2
41650329,42669900,2
3940243183,8703186569,2
3931760731,42260149,2
42707533,8703186562,2
41501547,41501559,2
41884906,41967419,2
3940243165,8703186569,2
41617042,41573893,2
41942066,41573917,2
41942079,2974049890,2
41606281,41573960,2
41891129,41573985,2
330683967,330683940,2
5662910214,7243234049,1
7235811046,41573920,1
4104818047,2488372372,1
41781020,41588022,1
41501553,41501559,1
42006300,41573902,1
41494600,41494603,1
41641123,8703186564,1
41825558,41573906,1
41651660,41573911,1
41617192,4084525376,1
3931750969,42260149,1
42257602,2704830008,1
41617041,41573893,1
5032070794,41501559,1
5078562464,5078563599,1
41750539,41573955,1
41535039,2704829996,1
41864328,41573962,1
41190840,41190841,1
41894371,41967419,1
5806074003,41573985,1
317689775,41588018,1
41651668,41573906,1
42006193,41573952,1
2626242343,41573995,1
41494608,41494603,1
41641175,8703186565,1
41736777,41573995,1
41502514,7243234012,1
41656841,41573850,1
9104435860,41573946,1
41926908,41573884,1
5078563639,5078563599,1
8444419082,41573982,1
41588844,41573845,1
41708500,41573949,1
2714317971,2714317928,1
3458373557,330683940,1
3458373555,330683969,1
5618898812,5013837645,1
41966652,41573974,1
41825430,41573946,1
41941984,41573876,1
41719594,41573932,1
41941990,8703186562,1
41606264,41573880,1
41499649,41573949,1
330689687,2671959143,1
3940243162,8703186569,1
41683502,41573960,1
41683512,41573960,1
255820886,255820887,1
7243234058,7243234049,1
7243234056,7243234050,1
4347900927,4084525376,1
6294832282,41621121,1
5668170614,7241586275,1
339016254,41190841,1
41756567,41573917,1
41682121,41573880,1
315890363,315890652,1
4347900914,4084525376,1
41517341,2704829996,1
41654675,41573980,1
41517338,2704829994,1
330689192,330691322,1
3845976970,41632092,1
6860020057,41632088,1
339016287,41190841,1
41517336,2704829988,1
41929089,41573899,1
41883923,2704829986,1
41517333,2704829986,1
2714317917,2714317928,1
9104435899,41573938,1
41942087,2974049890,1
2300341686,7241586266,1
2704829948,5013837645,1
339038526,41573952,1
41632179,41573944,1
41643832,2704829994,1
8313849723,41619683,1
41800326,41573941,1
41956566,41650341,1
41825497,41573904,1
41533550,42669900,1
3844423149,41632088,1
42006429,8703186560,1
41825505,41573899,1
41643825,2704829986,1
2704838936,2704838939,1
41502517,2488372372,1
2704838934,41573922,1
2704838929,41573920,1
2704838926,41565873,1
3940122131,8703186571,1
8937701839,41573854,1
8937701840,41573854,1
2704838923,41573917,1
41643828,2704829988,1
5144974317,8703186571,1
41606299,41573941,1
41501018,2704829992,1
41588317,41588026,1
41695399,41573935,1
2704829954,335595768,1
41695396,41573935,1
41740880,41573908,1
330683942,330683940,1
41632082,41573841,1
2704829964,2704829953,1
2704829968,2704829974,1
5650675848,330683969,1
42584975,41588020,1
41573839,41573841,1
41200170,255820887,1
5144977027,8703186569,1
41655965,41573897,1
41855500,41573932,1
4605871363,2704830006,1
41643820,2704830002,1
8121950205,41565873,1
8121950211,8121993421,1
41756565,2974049890,1
